-- phpMyAdmin SQL Dump
-- version 5.2.1
-- https://www.phpmyadmin.net/
--
-- Host: ictstu-db1.cc.swin.edu.au
-- Generation Time: May 16, 2024 at 06:21 AM
-- Server version: 5.5.68-MariaDB
-- PHP Version: 7.3.33

SET SQL_MODE = "NO_AUTO_VALUE_ON_ZERO";
START TRANSACTION;
SET time_zone = "+00:00";


/*!40101 SET @OLD_CHARACTER_SET_CLIENT=@@CHARACTER_SET_CLIENT */;
/*!40101 SET @OLD_CHARACTER_SET_RESULTS=@@CHARACTER_SET_RESULTS */;
/*!40101 SET @OLD_COLLATION_CONNECTION=@@COLLATION_CONNECTION */;
/*!40101 SET NAMES utf8mb4 */;

--
-- Database: `s103075742_db`
--

-- --------------------------------------------------------

--
-- Table structure for table `Archers`
--

CREATE TABLE `Archers` (
  `ArcherID` int(11) NOT NULL,
  `ArcherFirstName` varchar(50) NOT NULL,
  `ArcherLastName` varchar(50) NOT NULL,
  `ArcherBirthDate` date NOT NULL,
  `ArcherGender` enum('Male','Female') NOT NULL,
  `ArcherClassification` enum('Under 14 Male','Under 14 Female','Under 16 Male','Under 16 Female','Under 18 Male','Under 18 Female','Under 21 Male','Under 21 Female','Male Open','Female Open','50+ Male','50+ Female','60+ Male','60+ Female','70+ Male','70+ Female') NOT NULL
) ENGINE=InnoDB DEFAULT CHARSET=latin1;

--
-- Dumping data for table `Archers`
--

INSERT INTO `Archers` (`ArcherID`, `ArcherFirstName`, `ArcherLastName`, `ArcherBirthDate`, `ArcherGender`, `ArcherClassification`) VALUES
(1, 'Seth', 'Mueller', '1950-07-05', 'Male', '70+ Male'),
(2, 'Jeremy', 'Jones', '1989-05-21', 'Male', 'Male Open'),
(3, 'Andrew', 'Woods', '1978-12-18', 'Male', 'Male Open'),
(4, 'David', 'Phillips', '1957-01-03', 'Male', '60+ Male'),
(5, 'Thomas', 'Lester', '1954-12-22', 'Male', '70+ Male'),
(6, 'Tonya', 'Smith', '2008-05-29', 'Female', 'Under 18 Female'),
(7, 'Manuel', 'Hernandez', '1999-11-03', 'Male', 'Male Open'),
(8, 'Jennifer', 'Simmons', '1965-05-01', 'Female', '50+ Female'),
(9, 'Breanna', 'Romero', '1979-10-08', 'Female', 'Female Open'),
(10, 'Joel', 'Peterson', '1988-03-03', 'Male', 'Male Open'),
(11, 'Dwayne', 'Nichols', '1991-06-03', 'Male', 'Male Open'),
(12, 'Jonathan', 'Clay', '1984-09-28', 'Male', 'Male Open'),
(13, 'Scott', 'Reyes', '1972-09-01', 'Male', '50+ Male'),
(14, 'Stephanie', 'Delgado', '1998-03-24', 'Female', 'Female Open'),
(15, 'Matthew', 'Gregory', '2007-07-18', 'Male', 'Under 18 Male'),
(16, 'Timothy', 'Brown', '1986-09-12', 'Male', 'Male Open'),
(17, 'Melissa', 'Scott', '1957-03-12', 'Female', '60+ Female'),
(18, 'Anthony', 'Santiago', '1964-07-06', 'Male', '60+ Male'),
(19, 'Kristen', 'Conley', '2006-07-04', 'Female', 'Under 21 Female'),
(20, 'Kevin', 'Clark', '1989-11-20', 'Male', 'Male Open'),
(21, 'Anthony', 'Ortiz', '1980-12-24', 'Male', 'Male Open'),
(22, 'Latoya', 'Lewis', '1993-04-25', 'Female', 'Female Open'),
(23, 'Margaret', 'Ray', '2010-10-22', 'Female', 'Under 16 Female'),
(24, 'Tammy', 'Valdez', '1972-12-27', 'Female', '50+ Female'),
(25, 'Rebecca', 'Daniels', '1973-02-19', 'Female', '50+ Female'),
(26, 'Tricia', 'Johnson', '2007-09-19', 'Female', 'Under 18 Female'),
(27, 'Jeffery', 'Koch', '1996-04-10', 'Male', 'Male Open'),
(28, 'Sydney', 'Cobb', '1979-11-13', 'Female', 'Female Open'),
(29, 'Denise', 'Green', '1975-02-04', 'Female', 'Female Open'),
(30, 'Alicia', 'Hull', '1982-08-13', 'Female', 'Female Open'),
(31, 'Guy', 'Smith', '1989-04-20', 'Male', 'Male Open'),
(32, 'Rebecca', 'Johnson', '1994-06-14', 'Female', 'Female Open'),
(33, 'Cody', 'Travis', '1991-11-03', 'Male', 'Male Open'),
(34, 'Katherine', 'Watkins', '1974-09-30', 'Female', '50+ Female'),
(35, 'Albert', 'Edwards', '1984-09-05', 'Male', 'Male Open'),
(36, 'Jacqueline', 'Brandt', '1964-02-11', 'Female', '60+ Female'),
(37, 'Lynn', 'Warner', '1973-02-21', 'Female', '50+ Female'),
(38, 'Sara', 'Allen', '1992-06-16', 'Female', 'Female Open'),
(39, 'Jeffery', 'Brady', '1962-08-18', 'Male', '60+ Male'),
(40, 'Holly', 'Bridges', '1954-05-06', 'Female', '70+ Female'),
(41, 'Debbie', 'Roberts', '1991-01-02', 'Female', 'Female Open'),
(42, 'Kristin', 'Lopez', '1948-05-02', 'Female', '70+ Female'),
(43, 'Sean', 'Brewer', '2002-06-01', 'Male', 'Male Open'),
(44, 'Victor', 'Jefferson', '1956-10-24', 'Male', '60+ Male'),
(45, 'Belinda', 'Mendez', '1987-01-20', 'Female', 'Female Open'),
(46, 'Barry', 'Miller', '1957-06-23', 'Male', '60+ Male'),
(47, 'Rhonda', 'Carpenter', '1996-04-28', 'Female', 'Female Open'),
(48, 'Tracy', 'Edwards', '1984-10-28', 'Female', 'Female Open'),
(49, 'Denise', 'Graham', '1955-08-13', 'Female', '60+ Female'),
(50, 'Andrea', 'Martinez', '1971-03-29', 'Female', '50+ Female'),
(51, 'Elijah', 'Murray', '2007-05-26', 'Male', 'Under 18 Male'),
(52, 'Sandra', 'Collins', '1979-08-27', 'Female', 'Female Open'),
(53, 'Janet', 'Gregory', '1999-11-01', 'Female', 'Female Open'),
(54, 'Kevin', 'Pineda', '1969-12-17', 'Male', '50+ Male'),
(55, 'Douglas', 'Shields', '1964-04-30', 'Male', '60+ Male'),
(56, 'Anthony', 'Curry', '1996-10-11', 'Male', 'Male Open'),
(57, 'Ryan', 'Copeland', '1987-12-11', 'Male', 'Male Open'),
(58, 'Amber', 'Romero', '2007-07-20', 'Female', 'Under 18 Female'),
(59, 'Michael', 'Reed', '1984-02-28', 'Male', 'Male Open'),
(60, 'Adam', 'Hill', '1991-03-13', 'Male', 'Male Open'),
(61, 'Jordan', 'Rodriguez', '1957-01-14', 'Male', '60+ Male'),
(62, 'Rachel', 'Coleman', '1955-09-12', 'Female', '60+ Female'),
(63, 'Matthew', 'Walker', '1970-02-25', 'Male', '50+ Male'),
(64, 'Angie', 'Thompson', '1961-12-27', 'Female', '60+ Female'),
(65, 'Richard', 'Bailey', '1963-04-15', 'Male', '60+ Male'),
(66, 'Jose', 'Scott', '1957-11-02', 'Male', '60+ Male'),
(67, 'Joshua', 'Parker', '1955-01-10', 'Male', '60+ Male'),
(68, 'Samuel', 'Robbins', '2007-04-02', 'Male', 'Under 18 Male'),
(69, 'William', 'Knox', '1958-04-29', 'Male', '60+ Male'),
(70, 'Stephanie', 'Fox', '2005-08-15', 'Female', 'Under 21 Female'),
(71, 'Lori', 'Jenkins', '1978-11-08', 'Female', 'Female Open'),
(72, 'Jonathan', 'Castillo', '1975-08-25', 'Male', 'Male Open'),
(73, 'Rachel', 'Golden', '2000-07-04', 'Female', 'Female Open'),
(74, 'Jessica', 'Zuniga', '1978-05-26', 'Female', 'Female Open'),
(75, 'Matthew', 'Garcia', '1967-04-15', 'Male', '50+ Male'),
(76, 'Melanie', 'Lawrence', '1966-08-05', 'Female', '50+ Female'),
(77, 'Joseph', 'Bender', '1960-11-21', 'Male', '60+ Male'),
(78, 'Anne', 'Brown', '1968-10-26', 'Female', '50+ Female'),
(79, 'Scott', 'Smith', '1985-04-10', 'Male', 'Male Open'),
(80, 'Kathy', 'Peterson', '1983-02-05', 'Female', 'Female Open'),
(81, 'Mary', 'Smith', '2003-02-18', 'Female', 'Female Open'),
(82, 'Victoria', 'Ali', '1960-05-05', 'Female', '60+ Female'),
(83, 'Jaclyn', 'Lopez', '1955-10-05', 'Female', '60+ Female'),
(84, 'Nathan', 'Gibson', '2002-04-27', 'Male', 'Male Open'),
(85, 'Crystal', 'Pena', '1954-03-01', 'Female', '70+ Female'),
(86, 'Jenna', 'Mcpherson', '1990-10-18', 'Female', 'Female Open'),
(87, 'Jeffery', 'Richards', '1974-01-03', 'Male', '50+ Male'),
(88, 'Tammy', 'Maldonado', '1961-04-21', 'Female', '60+ Female'),
(89, 'Paul', 'Alexander', '1966-04-17', 'Male', '50+ Male'),
(90, 'Jessica', 'Taylor', '2006-10-06', 'Female', 'Under 21 Female'),
(91, 'Carla', 'Marks', '1958-08-22', 'Female', '60+ Female'),
(92, 'Megan', 'Flynn', '1999-04-23', 'Female', 'Female Open'),
(93, 'Robert', 'Evans', '1959-07-02', 'Male', '60+ Male'),
(94, 'Krystal', 'Russell', '1983-07-19', 'Female', 'Female Open'),
(95, 'James', 'Sanders', '1975-07-12', 'Male', 'Male Open'),
(96, 'Samantha', 'Romero', '1991-01-19', 'Female', 'Female Open'),
(97, 'Karen', 'Lindsey', '2007-01-04', 'Female', 'Under 18 Female'),
(98, 'Tiffany', 'Schultz', '1968-12-31', 'Female', '50+ Female'),
(99, 'Robert', 'Bond', '1976-03-01', 'Male', 'Male Open'),
(100, 'Gary', 'Brown', '2007-10-22', 'Male', 'Under 18 Male'),
(101, 'Holly', 'King', '1958-07-06', 'Female', '60+ Female'),
(102, 'Alexander', 'Martin', '1955-01-02', 'Male', '60+ Male'),
(103, 'Theresa', 'Wang', '1980-08-10', 'Female', 'Female Open'),
(104, 'Michaela', 'Cooke', '1962-07-18', 'Female', '60+ Female'),
(105, 'Sean', 'Perez', '1975-02-04', 'Male', 'Male Open'),
(106, 'Laurie', 'Bruce', '2000-04-19', 'Female', 'Female Open'),
(107, 'Christian', 'Dominguez', '1993-10-01', 'Male', 'Male Open'),
(108, 'Marc', 'Blackburn', '2003-04-06', 'Male', 'Male Open'),
(109, 'Karen', 'Jackson', '1961-05-29', 'Female', '60+ Female'),
(110, 'Tristan', 'Melendez', '1969-10-08', 'Male', '50+ Male'),
(111, 'Jennifer', 'Ferguson', '1959-06-29', 'Female', '60+ Female'),
(112, 'Cynthia', 'Baker', '1974-10-30', 'Female', '50+ Female'),
(113, 'Steve', 'Jackson', '1961-12-19', 'Male', '60+ Male'),
(114, 'Luis', 'Peterson', '1983-12-06', 'Male', 'Male Open'),
(115, 'Brandy', 'Hess', '1969-12-22', 'Female', '50+ Female'),
(116, 'David', 'Williams', '2006-08-21', 'Male', 'Under 21 Male'),
(117, 'Kathleen', 'Cervantes', '2004-09-05', 'Female', 'Under 21 Female'),
(118, 'Elizabeth', 'Brewer', '1998-05-27', 'Female', 'Female Open'),
(119, 'Adam', 'Holland', '1958-08-11', 'Male', '60+ Male'),
(120, 'Steven', 'Lawrence', '1957-02-25', 'Male', '60+ Male'),
(121, 'John', 'Lin', '1969-09-02', 'Male', '50+ Male'),
(122, 'Kimberly', 'Dennis', '2009-01-28', 'Female', 'Under 16 Female'),
(123, 'Philip', 'Schaefer', '1968-06-09', 'Male', '50+ Male'),
(124, 'Robert', 'Martinez', '1976-12-19', 'Male', 'Male Open'),
(125, 'Christopher', 'Mccoy', '2003-05-26', 'Male', 'Male Open'),
(126, 'Angelica', 'Hoffman', '1988-09-27', 'Female', 'Female Open'),
(127, 'Jordan', 'Green', '1972-01-19', 'Male', '50+ Male'),
(128, 'Spencer', 'Kirk', '1954-07-30', 'Male', '70+ Male'),
(129, 'Maria', 'Curtis', '1976-02-23', 'Female', 'Female Open'),
(130, 'Amy', 'Hamilton', '1997-06-24', 'Female', 'Female Open'),
(131, 'Denise', 'Crawford', '1971-03-05', 'Female', '50+ Female'),
(132, 'Joseph', 'Johnson', '1950-11-13', 'Male', '70+ Male'),
(133, 'Kimberly', 'Moore', '1984-05-27', 'Female', 'Female Open'),
(134, 'Mary', 'Edwards', '1985-08-28', 'Female', 'Female Open'),
(135, 'Charles', 'Cooper', '1982-03-25', 'Male', 'Male Open'),
(136, 'Jeffrey', 'Ross', '1963-03-28', 'Male', '60+ Male'),
(137, 'Ryan', 'Davis', '1975-12-13', 'Male', 'Male Open'),
(138, 'Mary', 'Moore', '2009-06-11', 'Female', 'Under 16 Female'),
(139, 'Christy', 'Silva', '2000-05-21', 'Female', 'Female Open'),
(140, 'Mary', 'Schneider', '1976-01-01', 'Female', 'Female Open'),
(141, 'William', 'Alexander', '1978-05-02', 'Male', 'Male Open'),
(142, 'Laurie', 'Howe', '1985-09-29', 'Female', 'Female Open'),
(143, 'Jeffrey', 'Schneider', '1955-08-03', 'Male', '60+ Male'),
(144, 'Robert', 'Warner', '1974-05-26', 'Male', '50+ Male'),
(145, 'Robyn', 'Bullock', '2000-10-02', 'Female', 'Female Open'),
(146, 'Jennifer', 'Robertson', '1961-12-10', 'Female', '60+ Female'),
(147, 'Christina', 'Erickson', '1968-04-29', 'Female', '50+ Female'),
(148, 'Brian', 'Sanchez', '1986-04-20', 'Male', 'Male Open'),
(149, 'Sara', 'Brown', '1997-10-12', 'Female', 'Female Open'),
(150, 'Rachel', 'Bass', '2002-06-07', 'Female', 'Female Open'),
(151, 'Crystal', 'Rodriguez', '1995-12-28', 'Female', 'Female Open'),
(152, 'Judy', 'Hendrix', '1953-02-12', 'Female', '70+ Female'),
(153, 'Jonathan', 'Mendez', '1969-06-17', 'Male', '50+ Male'),
(154, 'Heather', 'Richmond', '1988-07-23', 'Female', 'Female Open'),
(155, 'Rebecca', 'Garcia', '1972-10-01', 'Female', '50+ Female'),
(156, 'Stacy', 'James', '1950-09-09', 'Female', '70+ Female'),
(157, 'Dawn', 'Phillips', '1984-01-12', 'Female', 'Female Open'),
(158, 'Terri', 'Fisher', '2005-12-09', 'Female', 'Under 21 Female'),
(159, 'Jose', 'Moore', '1977-08-31', 'Male', 'Male Open'),
(160, 'Craig', 'Howard', '1972-08-24', 'Male', '50+ Male'),
(161, 'John', 'Wagner', '1956-10-18', 'Male', '60+ Male'),
(162, 'John', 'Garrett', '1953-07-11', 'Male', '70+ Male'),
(163, 'Mariah', 'Cole', '1964-07-26', 'Female', '60+ Female'),
(164, 'Shane', 'Simpson', '1988-07-24', 'Male', 'Male Open'),
(165, 'Kevin', 'Turner', '1975-11-02', 'Male', 'Male Open'),
(166, 'Andrea', 'Wilson', '1998-02-13', 'Female', 'Female Open'),
(167, 'Edward', 'Williams', '1986-09-18', 'Male', 'Male Open'),
(168, 'Andrea', 'Zimmerman', '1954-08-20', 'Female', '70+ Female'),
(169, 'David', 'Edwards', '2008-01-18', 'Male', 'Under 18 Male'),
(170, 'Eileen', 'Hansen', '1980-04-01', 'Female', 'Female Open'),
(171, 'Brittany', 'Perez', '1964-04-15', 'Female', '60+ Female'),
(172, 'Richard', 'Howard', '1977-04-04', 'Male', 'Male Open'),
(173, 'Devon', 'Flores', '2003-03-21', 'Male', 'Male Open'),
(174, 'Sarah', 'Nelson', '1988-02-28', 'Female', 'Female Open'),
(175, 'Robert', 'Clarke', '2006-12-05', 'Male', 'Under 21 Male'),
(176, 'Jeremy', 'Collins', '1986-06-18', 'Male', 'Male Open'),
(177, 'David', 'Dominguez', '2012-01-31', 'Male', 'Under 14 Male'),
(178, 'Erik', 'Santos', '1950-04-06', 'Male', '70+ Male'),
(179, 'Justin', 'West', '1948-12-19', 'Male', '70+ Male'),
(180, 'Michael', 'Greer', '1973-08-18', 'Male', '50+ Male'),
(181, 'Dennis', 'Burns', '1984-04-30', 'Male', 'Male Open'),
(182, 'Judy', 'Donovan', '1975-10-14', 'Female', 'Female Open'),
(183, 'Kelli', 'Terry', '2002-06-26', 'Female', 'Female Open'),
(184, 'Elizabeth', 'Adkins', '1978-05-09', 'Female', 'Female Open'),
(185, 'Philip', 'Garcia', '1976-12-19', 'Male', 'Male Open'),
(186, 'Austin', 'Collins', '1978-01-03', 'Male', 'Male Open'),
(187, 'Jesse', 'Gordon', '2010-12-29', 'Male', 'Under 16 Male'),
(188, 'Clinton', 'Kennedy', '1956-04-30', 'Male', '60+ Male'),
(189, 'Nicole', 'Cooper', '2009-08-17', 'Female', 'Under 16 Female'),
(190, 'April', 'Moore', '1951-06-22', 'Female', '70+ Female'),
(191, 'Laura', 'Doyle', '1988-12-28', 'Female', 'Female Open'),
(192, 'George', 'Bennett', '1987-01-09', 'Male', 'Male Open'),
(193, 'Shelly', 'Price', '1995-01-31', 'Female', 'Female Open'),
(194, 'Vicki', 'Gilbert', '1972-08-28', 'Female', '50+ Female'),
(195, 'Tyler', 'Smith', '1948-12-11', 'Male', '70+ Male'),
(196, 'Kathryn', 'Thornton', '1961-10-02', 'Female', '60+ Female'),
(197, 'Elizabeth', 'Meadows', '1999-04-15', 'Female', 'Female Open'),
(198, 'Joe', 'Lloyd', '1991-01-24', 'Male', 'Male Open'),
(199, 'Kenneth', 'Valencia', '1980-04-08', 'Male', 'Male Open'),
(200, 'Jaime', 'Adams', '1987-02-16', 'Male', 'Male Open'),
(201, 'Jimmy', 'Johnson', '1955-09-27', 'Male', '60+ Male'),
(202, 'Denise', 'Lynch', '1983-06-01', 'Female', 'Female Open'),
(203, 'Gina', 'Long', '1984-06-02', 'Female', 'Female Open'),
(204, 'Jacob', 'Johnson', '1992-12-22', 'Male', 'Male Open'),
(205, 'Philip', 'Jones', '1965-09-18', 'Male', '50+ Male'),
(206, 'Heidi', 'Hernandez', '1965-07-08', 'Female', '50+ Female'),
(207, 'Jose', 'Gutierrez', '1952-04-29', 'Male', '70+ Male'),
(208, 'Brent', 'Montoya', '1954-02-09', 'Male', '70+ Male'),
(209, 'Victor', 'Rodriguez', '1994-05-30', 'Male', 'Male Open'),
(210, 'Laura', 'Meza', '1958-07-14', 'Female', '60+ Female'),
(211, 'Daniel', 'Martin', '2011-09-21', 'Male', 'Under 14 Male'),
(212, 'Megan', 'Frazier', '1967-12-23', 'Female', '50+ Female'),
(213, 'Yolanda', 'Day', '1963-09-13', 'Female', '60+ Female'),
(214, 'Mark', 'Cortez', '1954-06-04', 'Male', '70+ Male'),
(215, 'Renee', 'Beard', '1993-06-23', 'Female', 'Female Open'),
(216, 'Carlos', 'Boyd', '1968-10-14', 'Male', '50+ Male'),
(217, 'James', 'Hernandez', '1956-08-02', 'Male', '60+ Male'),
(218, 'Samuel', 'Romero', '1994-02-17', 'Male', 'Male Open'),
(219, 'Roy', 'Davis', '2011-09-27', 'Male', 'Under 14 Male'),
(220, 'Christopher', 'Jennings', '1967-03-31', 'Male', '50+ Male'),
(221, 'Patrick', 'Brooks', '2005-02-25', 'Male', 'Under 21 Male'),
(222, 'Stephanie', 'Durham', '1962-02-06', 'Female', '60+ Female'),
(223, 'Carolyn', 'Murphy', '1998-03-20', 'Female', 'Female Open'),
(224, 'Jeffrey', 'Watson', '2001-11-30', 'Male', 'Male Open'),
(225, 'Katie', 'Lewis', '2001-04-22', 'Female', 'Female Open'),
(226, 'Matthew', 'Meza', '1965-02-08', 'Male', '50+ Male'),
(227, 'Michael', 'Lopez', '1996-07-20', 'Male', 'Male Open'),
(228, 'Mary', 'Little', '1990-08-17', 'Female', 'Female Open'),
(229, 'Frederick', 'Morse', '1949-04-03', 'Male', '70+ Male'),
(230, 'Elizabeth', 'Shelton', '2002-02-20', 'Female', 'Female Open'),
(231, 'Rachel', 'Henson', '2006-04-07', 'Female', 'Under 21 Female'),
(232, 'Kenneth', 'Parker', '1972-12-31', 'Male', '50+ Male'),
(233, 'Leslie', 'Ramos', '2009-01-17', 'Female', 'Under 16 Female'),
(234, 'Nancy', 'Griffin', '2010-12-08', 'Female', 'Under 16 Female'),
(235, 'Rachel', 'Dalton', '1988-03-08', 'Female', 'Female Open'),
(236, 'Aaron', 'Tanner', '1994-09-07', 'Male', 'Male Open'),
(237, 'Stephanie', 'Howard', '1996-03-19', 'Female', 'Female Open'),
(238, 'Carrie', 'Foster', '1997-10-29', 'Female', 'Female Open'),
(239, 'Katherine', 'Pitts', '2003-06-25', 'Female', 'Female Open'),
(240, 'Elaine', 'Robinson', '1992-09-05', 'Female', 'Female Open'),
(241, 'Kristin', 'Richmond', '2008-05-17', 'Female', 'Under 18 Female'),
(242, 'Matthew', 'Dodson', '1982-09-01', 'Male', 'Male Open'),
(243, 'Julie', 'Robinson', '1963-12-24', 'Female', '60+ Female'),
(244, 'Albert', 'Marshall', '1977-09-15', 'Male', 'Male Open'),
(245, 'Olivia', 'Hall', '2010-11-17', 'Female', 'Under 16 Female'),
(246, 'Jose', 'Kelly', '1994-05-12', 'Male', 'Male Open'),
(247, 'Cassandra', 'Wilson', '1970-10-28', 'Female', '50+ Female'),
(248, 'Jonathan', 'Robinson', '1977-06-01', 'Male', 'Male Open'),
(249, 'Wendy', 'Davis', '1949-01-26', 'Female', '70+ Female'),
(250, 'Jason', 'Bailey', '1965-04-08', 'Male', '50+ Male'),
(251, 'Stephen', 'Myers', '1962-02-08', 'Male', '60+ Male'),
(252, 'Daniel', 'King', '1961-01-22', 'Male', '60+ Male'),
(253, 'Caitlin', 'Wilson', '1968-01-19', 'Female', '50+ Female'),
(254, 'Jonathan', 'Rodriguez', '1978-01-11', 'Male', 'Male Open'),
(255, 'Sara', 'Stone', '1969-11-28', 'Female', '50+ Female'),
(256, 'Valerie', 'Jacobs', '1972-04-25', 'Female', '50+ Female'),
(257, 'Anthony', 'West', '1956-04-05', 'Male', '60+ Male'),
(258, 'Thomas', 'Ware', '1986-06-06', 'Male', 'Male Open'),
(259, 'Samuel', 'Combs', '2005-12-23', 'Male', 'Under 21 Male'),
(260, 'Kevin', 'Patterson', '2001-06-13', 'Male', 'Male Open'),
(261, 'Stephanie', 'Mills', '2008-11-26', 'Female', 'Under 18 Female'),
(262, 'Jason', 'Dean', '1977-05-15', 'Male', 'Male Open'),
(263, 'Ronald', 'Nichols', '2001-05-28', 'Male', 'Male Open'),
(264, 'Jeremy', 'Branch', '1988-12-31', 'Male', 'Male Open'),
(265, 'Sonya', 'Levine', '1991-05-16', 'Female', 'Female Open'),
(266, 'Abigail', 'Smith', '1951-11-14', 'Female', '70+ Female'),
(267, 'Megan', 'Thompson', '1977-04-13', 'Female', 'Female Open'),
(268, 'John', 'Schmitt', '1971-10-19', 'Male', '50+ Male'),
(269, 'Krystal', 'Martin', '1982-09-23', 'Female', 'Female Open'),
(270, 'Jason', 'Ray', '1989-10-28', 'Male', 'Male Open'),
(271, 'Jennifer', 'Reyes', '1987-12-11', 'Female', 'Female Open'),
(272, 'Derrick', 'Williams', '1961-01-28', 'Male', '60+ Male'),
(273, 'Steven', 'Patterson', '1999-07-03', 'Male', 'Male Open'),
(274, 'Ryan', 'Liu', '1959-12-22', 'Male', '60+ Male'),
(275, 'Diane', 'Foley', '1963-11-01', 'Female', '60+ Female'),
(276, 'Julie', 'Keller', '1951-02-07', 'Female', '70+ Female'),
(277, 'Wayne', 'Duran', '1955-03-17', 'Male', '60+ Male'),
(278, 'Eric', 'May', '2005-05-15', 'Male', 'Under 21 Male'),
(279, 'Kevin', 'Moreno', '2001-05-11', 'Male', 'Male Open'),
(280, 'Andrew', 'Walker', '1954-09-16', 'Male', '70+ Male'),
(281, 'Justin', 'Rich', '1951-04-24', 'Male', '70+ Male'),
(282, 'Katie', 'Underwood', '1966-01-26', 'Female', '50+ Female'),
(283, 'Kelly', 'Diaz', '2011-07-25', 'Female', 'Under 14 Female'),
(284, 'Alicia', 'Rogers', '2011-07-10', 'Female', 'Under 14 Female'),
(285, 'Bryan', 'Smith', '1999-08-17', 'Male', 'Male Open'),
(286, 'Bridget', 'Jones', '1959-11-11', 'Female', '60+ Female'),
(287, 'Sharon', 'Johnson', '1964-09-24', 'Female', '60+ Female'),
(288, 'Amanda', 'Dyer', '1962-04-09', 'Female', '60+ Female'),
(289, 'John', 'Kennedy', '1998-08-26', 'Male', 'Male Open'),
(290, 'Maria', 'Cabrera', '1993-10-06', 'Female', 'Female Open'),
(291, 'Lauren', 'Hernandez', '2006-03-15', 'Female', 'Under 21 Female'),
(292, 'Donna', 'Perkins', '1957-04-27', 'Female', '60+ Female'),
(293, 'Brian', 'Griffin', '1994-02-22', 'Male', 'Male Open'),
(294, 'Justin', 'Guerra', '1962-06-04', 'Male', '60+ Male'),
(295, 'Stephanie', 'Pittman', '1956-12-15', 'Female', '60+ Female'),
(296, 'Christopher', 'Bryant', '1961-03-16', 'Male', '60+ Male'),
(297, 'Stephanie', 'Fuentes', '2003-11-24', 'Female', 'Female Open'),
(298, 'Morgan', 'Mccullough', '1976-09-30', 'Female', 'Female Open'),
(299, 'Karen', 'Bishop', '1973-05-15', 'Female', '50+ Female'),
(300, 'Johnny', 'Harper', '1976-07-03', 'Male', 'Male Open'),
(301, 'Isaac', 'Vincent', '1949-12-06', 'Male', '70+ Male'),
(302, 'Debbie', 'Green', '1969-08-25', 'Female', '50+ Female'),
(303, 'Thomas', 'Garcia', '1960-08-16', 'Male', '60+ Male'),
(304, 'Anna', 'Young', '1949-04-23', 'Female', '70+ Female'),
(305, 'Amber', 'Walters', '1956-10-20', 'Female', '60+ Female'),
(306, 'Nicholas', 'Mccormick', '1990-09-22', 'Male', 'Male Open'),
(307, 'Michelle', 'Martin', '1999-08-14', 'Female', 'Female Open'),
(308, 'William', 'Freeman', '1959-03-28', 'Male', '60+ Male'),
(309, 'James', 'Thornton', '1990-03-21', 'Male', 'Male Open'),
(310, 'Martin', 'Washington', '1986-04-28', 'Male', 'Male Open'),
(311, 'Susan', 'Waters', '1949-11-16', 'Female', '70+ Female'),
(312, 'Derrick', 'Richardson', '1985-04-30', 'Male', 'Male Open'),
(313, 'Leslie', 'Freeman', '1961-10-28', 'Male', '60+ Male'),
(314, 'Robert', 'Wilson', '1988-11-09', 'Male', 'Male Open'),
(315, 'Jason', 'Harris', '1986-07-07', 'Male', 'Male Open'),
(316, 'Robert', 'Smith', '1957-10-19', 'Male', '60+ Male'),
(317, 'Hayley', 'Hammond', '1995-08-14', 'Female', 'Female Open'),
(318, 'Danny', 'Ortega', '1994-05-30', 'Male', 'Male Open'),
(319, 'Mathew', 'Kelly', '1983-07-08', 'Male', 'Male Open'),
(320, 'Joseph', 'Pierce', '1992-01-17', 'Male', 'Male Open'),
(321, 'Mark', 'Olson', '1985-01-14', 'Male', 'Male Open'),
(322, 'Julie', 'Wells', '1987-06-10', 'Female', 'Female Open'),
(323, 'Phillip', 'Baxter', '1992-10-27', 'Male', 'Male Open'),
(324, 'Robert', 'Mcdaniel', '2005-04-28', 'Male', 'Under 21 Male'),
(325, 'Francisco', 'Rogers', '1961-12-14', 'Male', '60+ Male'),
(326, 'Michael', 'Lutz', '1950-11-21', 'Male', '70+ Male'),
(327, 'Christopher', 'Stewart', '2009-07-30', 'Male', 'Under 16 Male'),
(328, 'Daniel', 'Johnson', '1950-05-25', 'Male', '70+ Male'),
(329, 'Luis', 'Henderson', '1960-07-16', 'Male', '60+ Male'),
(330, 'Sara', 'Lopez', '1964-09-27', 'Female', '60+ Female'),
(331, 'Todd', 'Bradley', '1972-08-09', 'Male', '50+ Male'),
(332, 'Angelica', 'Sims', '1954-02-28', 'Female', '70+ Female'),
(333, 'Kelsey', 'Martinez', '1984-09-26', 'Female', 'Female Open'),
(334, 'Scott', 'Shepard', '1981-04-29', 'Male', 'Male Open'),
(335, 'Jessica', 'Lee', '2004-08-24', 'Female', 'Under 21 Female'),
(336, 'Andrew', 'Strickland', '1991-11-17', 'Male', 'Male Open'),
(337, 'Jason', 'Williams', '1962-03-12', 'Male', '60+ Male'),
(338, 'Douglas', 'Vargas', '1973-10-11', 'Male', '50+ Male'),
(339, 'Kari', 'Rodriguez', '1958-12-02', 'Female', '60+ Female'),
(340, 'Steven', 'Waller', '2006-07-16', 'Male', 'Under 21 Male'),
(341, 'Dale', 'Watkins', '1961-04-22', 'Male', '60+ Male'),
(342, 'Christopher', 'Ochoa', '2006-04-19', 'Male', 'Under 21 Male'),
(343, 'Paul', 'Cruz', '2000-07-09', 'Male', 'Male Open'),
(344, 'Linda', 'Brown', '1971-07-19', 'Female', '50+ Female'),
(345, 'Benjamin', 'Wilson', '2004-08-19', 'Male', 'Under 21 Male'),
(346, 'James', 'Anderson', '1999-12-06', 'Male', 'Male Open'),
(347, 'Lisa', 'Myers', '1961-04-25', 'Female', '60+ Female'),
(348, 'Kaylee', 'Bailey', '2000-05-15', 'Female', 'Female Open'),
(349, 'Joshua', 'Stevenson', '1950-06-20', 'Male', '70+ Male'),
(350, 'Michael', 'Miller', '1997-10-17', 'Male', 'Male Open'),
(351, 'Michelle', 'Kerr', '2001-12-13', 'Female', 'Female Open'),
(352, 'Karen', 'Garza', '1956-01-01', 'Female', '60+ Female'),
(353, 'Jamie', 'Hancock', '1965-04-23', 'Female', '50+ Female'),
(354, 'Kenneth', 'Merritt', '1966-03-23', 'Male', '50+ Male'),
(355, 'Ashley', 'Brown', '1952-01-09', 'Female', '70+ Female'),
(356, 'Lori', 'Gaines', '1983-08-27', 'Female', 'Female Open'),
(357, 'William', 'Smith', '1977-10-13', 'Male', 'Male Open'),
(358, 'Rachael', 'Carpenter', '1988-02-26', 'Female', 'Female Open'),
(359, 'Joshua', 'Shaffer', '1974-11-02', 'Male', '50+ Male'),
(360, 'Andrea', 'Vasquez', '1995-06-08', 'Female', 'Female Open'),
(361, 'Maurice', 'Butler', '1986-09-29', 'Male', 'Male Open'),
(362, 'Vanessa', 'Klein', '1955-04-08', 'Female', '60+ Female'),
(363, 'Danielle', 'Brewer', '1978-08-12', 'Female', 'Female Open'),
(364, 'Jenna', 'Carter', '1990-11-25', 'Female', 'Female Open'),
(365, 'Ryan', 'Moore', '1981-12-24', 'Male', 'Male Open'),
(366, 'Rebecca', 'Alexander', '1985-09-13', 'Female', 'Female Open'),
(367, 'Ashley', 'Gilbert', '1949-12-21', 'Female', '70+ Female'),
(368, 'Victoria', 'Walker', '1964-07-08', 'Female', '60+ Female'),
(369, 'Julie', 'Mccoy', '2009-12-20', 'Female', 'Under 16 Female'),
(370, 'Michael', 'Anderson', '1990-07-11', 'Male', 'Male Open'),
(371, 'Gary', 'Grant', '1959-05-27', 'Male', '60+ Male'),
(372, 'Ian', 'Steele', '1950-03-02', 'Male', '70+ Male'),
(373, 'Kenneth', 'Johnson', '1992-10-28', 'Male', 'Male Open'),
(374, 'Ashley', 'Richardson', '1971-09-01', 'Female', '50+ Female'),
(375, 'Danielle', 'Mccullough', '2001-11-17', 'Female', 'Female Open'),
(376, 'Deanna', 'Davis', '1995-07-13', 'Female', 'Female Open'),
(377, 'Brian', 'Skinner', '1962-11-28', 'Male', '60+ Male'),
(378, 'William', 'Nelson', '1987-08-22', 'Male', 'Male Open'),
(379, 'Madison', 'Holt', '1996-05-03', 'Female', 'Female Open'),
(380, 'Dean', 'Marsh', '1962-03-10', 'Male', '60+ Male'),
(381, 'Samuel', 'Williams', '1995-03-02', 'Male', 'Male Open'),
(382, 'Michael', 'Nelson', '1996-07-21', 'Male', 'Male Open'),
(383, 'Rachel', 'Hines', '1967-03-03', 'Female', '50+ Female'),
(384, 'Karen', 'Ortega', '1961-08-22', 'Female', '60+ Female'),
(385, 'Sarah', 'Lam', '1983-02-24', 'Female', 'Female Open'),
(386, 'Mary', 'James', '1951-08-31', 'Female', '70+ Female'),
(387, 'Denise', 'Jackson', '1980-03-17', 'Female', 'Female Open'),
(388, 'Nancy', 'Aguilar', '1968-07-08', 'Female', '50+ Female'),
(389, 'Willie', 'Hunt', '1959-01-01', 'Male', '60+ Male'),
(390, 'Jessica', 'Martinez', '1991-07-07', 'Female', 'Female Open'),
(391, 'Joshua', 'Morales', '1965-03-01', 'Male', '50+ Male'),
(392, 'David', 'Griffin', '1952-08-31', 'Male', '70+ Male'),
(393, 'Jamie', 'Williams', '1950-05-01', 'Female', '70+ Female'),
(394, 'Patrick', 'Adams', '1967-05-17', 'Male', '50+ Male'),
(395, 'Mary', 'Li', '1959-12-28', 'Female', '60+ Female'),
(396, 'Luke', 'Hamilton', '1953-12-14', 'Male', '70+ Male'),
(397, 'Kelly', 'Garcia', '1965-05-16', 'Female', '50+ Female'),
(398, 'Amber', 'Williams', '1951-10-20', 'Female', '70+ Female'),
(399, 'Jessica', 'Robbins', '1973-06-07', 'Female', '50+ Female'),
(400, 'Fernando', 'Chang', '1958-08-16', 'Male', '60+ Male'),
(401, 'Drew', 'Johnson', '1968-09-06', 'Male', '50+ Male'),
(402, 'Taylor', 'Carter', '1982-12-21', 'Male', 'Male Open'),
(403, 'Brian', 'Russell', '1952-12-09', 'Male', '70+ Male'),
(404, 'Jesus', 'Shah', '1982-06-22', 'Male', 'Male Open'),
(405, 'Anthony', 'Davis', '1974-06-13', 'Male', '50+ Male'),
(406, 'Brad', 'Garcia', '1960-12-13', 'Male', '60+ Male'),
(407, 'Crystal', 'Wilson', '1963-07-20', 'Female', '60+ Female'),
(408, 'Tracy', 'Atkinson', '2000-07-03', 'Female', 'Female Open'),
(409, 'James', 'Lucero', '1963-03-07', 'Male', '60+ Male'),
(410, 'Jorge', 'Carpenter', '1958-08-31', 'Male', '60+ Male'),
(411, 'Elizabeth', 'Rodriguez', '1985-05-02', 'Female', 'Female Open'),
(412, 'Robert', 'Scott', '1990-06-25', 'Male', 'Male Open'),
(413, 'Penny', 'Santiago', '1959-03-05', 'Female', '60+ Female'),
(414, 'Amber', 'Cummings', '1980-06-26', 'Female', 'Female Open'),
(415, 'Ana', 'Davis', '1961-09-15', 'Female', '60+ Female'),
(416, 'Margaret', 'Richards', '2005-08-05', 'Female', 'Under 21 Female'),
(417, 'Luis', 'Williams', '1998-02-17', 'Male', 'Male Open'),
(418, 'Walter', 'Hale', '1969-07-22', 'Male', '50+ Male'),
(419, 'Alexander', 'Diaz', '1967-12-27', 'Male', '50+ Male'),
(420, 'Alison', 'Martinez', '1968-04-06', 'Female', '50+ Female'),
(421, 'Cynthia', 'Dillon', '2009-01-24', 'Female', 'Under 16 Female'),
(422, 'Garrett', 'Mason', '1957-12-28', 'Male', '60+ Male'),
(423, 'Robin', 'Knox', '1977-09-08', 'Female', 'Female Open'),
(424, 'Cory', 'Green', '1976-03-09', 'Male', 'Male Open'),
(425, 'Linda', 'Ward', '1982-09-23', 'Female', 'Female Open'),
(426, 'Sean', 'Dillon', '1991-07-27', 'Male', 'Male Open'),
(427, 'Rebecca', 'Jacobs', '1972-07-23', 'Female', '50+ Female'),
(428, 'Jamie', 'Lyons', '1972-03-31', 'Male', '50+ Male'),
(429, 'Allison', 'Ponce', '1994-05-18', 'Female', 'Female Open'),
(430, 'Michael', 'Obrien', '1982-12-23', 'Male', 'Male Open'),
(431, 'Catherine', 'Wright', '1964-02-20', 'Female', '60+ Female'),
(432, 'Nathan', 'Brown', '1982-08-18', 'Male', 'Male Open'),
(433, 'Brian', 'Clements', '1997-10-20', 'Male', 'Male Open'),
(434, 'Tyler', 'Fitzpatrick', '1997-03-05', 'Male', 'Male Open'),
(435, 'Kara', 'Fletcher', '2002-04-02', 'Female', 'Female Open'),
(436, 'Shane', 'Fisher', '1989-10-24', 'Male', 'Male Open'),
(437, 'Brent', 'Merritt', '1989-08-09', 'Male', 'Male Open'),
(438, 'Holly', 'Rangel', '1985-09-15', 'Female', 'Female Open'),
(439, 'Christian', 'Brady', '1956-09-24', 'Male', '60+ Male'),
(440, 'John', 'Graves', '2008-10-09', 'Male', 'Under 18 Male'),
(441, 'Jennifer', 'Clark', '1960-09-21', 'Female', '60+ Female'),
(442, 'David', 'Rivera', '2005-09-11', 'Male', 'Under 21 Male'),
(443, 'David', 'Villanueva', '2003-06-23', 'Male', 'Male Open'),
(444, 'Willie', 'Anthony', '1956-01-14', 'Male', '60+ Male'),
(445, 'Jessica', 'Smith', '1949-04-28', 'Female', '70+ Female'),
(446, 'Nathaniel', 'Macdonald', '1998-09-02', 'Male', 'Male Open'),
(447, 'Tiffany', 'Anderson', '1981-08-12', 'Female', 'Female Open'),
(448, 'Jamie', 'Orozco', '1984-06-25', 'Female', 'Female Open'),
(449, 'Brandon', 'Brown', '1999-10-18', 'Male', 'Male Open'),
(450, 'Nathan', 'Myers', '2003-10-25', 'Male', 'Male Open'),
(451, 'Joshua', 'Santos', '1969-08-29', 'Male', '50+ Male'),
(452, 'Sean', 'Stone', '1957-11-09', 'Male', '60+ Male'),
(453, 'John', 'Mckinney', '2004-01-21', 'Male', 'Under 21 Male'),
(454, 'Angel', 'Ward', '1984-06-12', 'Female', 'Female Open'),
(455, 'Alyssa', 'Wright', '1979-09-19', 'Female', 'Female Open'),
(456, 'Steven', 'Henson', '1956-02-05', 'Male', '60+ Male'),
(457, 'Julie', 'Payne', '1950-08-25', 'Female', '70+ Female'),
(458, 'Christopher', 'Marks', '1955-03-01', 'Male', '60+ Male'),
(459, 'Matthew', 'Montoya', '1969-01-16', 'Male', '50+ Male'),
(460, 'Robin', 'Rhodes', '2000-06-10', 'Female', 'Female Open'),
(461, 'Denise', 'Duarte', '1967-07-01', 'Female', '50+ Female'),
(462, 'Cody', 'Brewer', '1968-03-18', 'Male', '50+ Male'),
(463, 'Christine', 'Howard', '1955-08-07', 'Female', '60+ Female'),
(464, 'Andrew', 'Butler', '1972-10-21', 'Male', '50+ Male'),
(465, 'William', 'Le', '1973-01-13', 'Male', '50+ Male'),
(466, 'Nicole', 'Underwood', '2002-03-18', 'Female', 'Female Open'),
(467, 'Scott', 'Mccarthy', '1990-05-24', 'Male', 'Male Open'),
(468, 'Stephen', 'Harris', '1972-12-04', 'Male', '50+ Male'),
(469, 'Victor', 'Fitzpatrick', '1972-09-15', 'Male', '50+ Male'),
(470, 'James', 'Murphy', '2001-12-24', 'Male', 'Male Open'),
(471, 'Pamela', 'Mendez', '1960-06-27', 'Female', '60+ Female'),
(472, 'Ruth', 'Olson', '1981-09-23', 'Female', 'Female Open'),
(473, 'Vanessa', 'Mccann', '1999-04-07', 'Female', 'Female Open'),
(474, 'Kimberly', 'Kirk', '1996-10-30', 'Female', 'Female Open'),
(475, 'Barry', 'Cannon', '1966-08-08', 'Male', '50+ Male'),
(476, 'Jeremiah', 'Kelly', '1985-04-04', 'Male', 'Male Open'),
(477, 'John', 'Alvarado', '1980-09-08', 'Male', 'Male Open'),
(478, 'Samantha', 'Rosales', '1954-03-16', 'Female', '70+ Female'),
(479, 'Douglas', 'Thomas', '2010-10-11', 'Male', 'Under 16 Male'),
(480, 'Allen', 'Young', '1952-10-31', 'Male', '70+ Male'),
(481, 'Derrick', 'Watts', '2001-01-02', 'Male', 'Male Open'),
(482, 'Bernard', 'Rodgers', '2004-05-25', 'Male', 'Under 21 Male'),
(483, 'Dawn', 'Martinez', '1975-11-04', 'Female', 'Female Open'),
(484, 'Barbara', 'Singleton', '1991-08-10', 'Female', 'Female Open'),
(485, 'James', 'Moss', '2005-09-22', 'Male', 'Under 21 Male'),
(486, 'Nichole', 'Arnold', '2009-02-07', 'Female', 'Under 16 Female'),
(487, 'Jose', 'Jones', '2009-03-05', 'Male', 'Under 16 Male'),
(488, 'Billy', 'Gentry', '1974-09-27', 'Male', '50+ Male'),
(489, 'John', 'Jackson', '1972-03-06', 'Male', '50+ Male'),
(490, 'Christopher', 'Smith', '1970-01-29', 'Male', '50+ Male'),
(491, 'Tamara', 'Johnson', '1969-12-19', 'Female', '50+ Female'),
(492, 'Joshua', 'Ferrell', '1997-07-05', 'Male', 'Male Open'),
(493, 'Juan', 'Walters', '1984-01-16', 'Male', 'Male Open'),
(494, 'William', 'Cardenas', '1973-03-26', 'Male', '50+ Male'),
(495, 'Kevin', 'Perkins', '1992-09-15', 'Male', 'Male Open'),
(496, 'Joan', 'Freeman', '1980-12-21', 'Female', 'Female Open'),
(497, 'Colleen', 'Murray', '1999-08-22', 'Female', 'Female Open'),
(498, 'Michael', 'Davis', '1996-08-10', 'Male', 'Male Open'),
(499, 'Amy', 'Thomas', '1966-04-21', 'Female', '50+ Female'),
(500, 'Terry', 'Hall', '1954-08-01', 'Male', '70+ Male');

-- --------------------------------------------------------

--
-- Table structure for table `Championships`
--

CREATE TABLE `Championships` (
  `ChampID` int(11) NOT NULL,
  `ChampName` varchar(50) NOT NULL,
  `ChampYear` int(11) NOT NULL
) ENGINE=InnoDB DEFAULT CHARSET=latin1;

--
-- Dumping data for table `Championships`
--

INSERT INTO `Championships` (`ChampID`, `ChampName`, `ChampYear`) VALUES
(1, 'National Target Championships', 2024),
(2, 'National Field Championships', 2024),
(3, 'Australian 3D Championships', 2024),
(4, 'Para National Archery Championships', 2024),
(5, 'Youth National Archery Championships', 2024);

-- --------------------------------------------------------

--
-- Table structure for table `ClubRounds`
--

CREATE TABLE `ClubRounds` (
  `ClubRoundID` int(11) NOT NULL,
  `ClubRoundName` varchar(50) NOT NULL,
  `ClubRoundClassification` enum('Under 14 Male','Under 14 Female','Under 16 Male','Under 16 Female','Under 18 Male','Under 18 Female','Under 21 Male','Under 21 Female','Male Open','Female Open','50+ Male','50+ Female','60+ Male','60+ Female','70+ Male','70+ Female') NOT NULL,
  `RoundID` int(11) DEFAULT NULL,
  `ClubRoundStartDateTime` datetime NOT NULL,
  `ClubRoundEndDateTime` datetime NOT NULL
) ENGINE=InnoDB DEFAULT CHARSET=latin1;

--
-- Dumping data for table `ClubRounds`
--

INSERT INTO `ClubRounds` (`ClubRoundID`, `ClubRoundName`, `ClubRoundClassification`, `RoundID`, `ClubRoundStartDateTime`, `ClubRoundEndDateTime`) VALUES
(1, 'Under 14 Male WA 90/1440', 'Under 14 Male', 1, '2024-03-05 10:00:00', '2024-06-15 10:00:00'),
(2, 'Under 14 Female WA 90/1440', 'Under 14 Female', 1, '2024-03-05 10:00:00', '2024-06-15 10:00:00'),
(3, 'Under 16 Male WA 90/1440', 'Under 16 Male', 1, '2024-03-05 10:00:00', '2024-06-15 10:00:00'),
(4, 'Under 16 Female WA 90/1440', 'Under 16 Female', 1, '2024-03-05 10:00:00', '2024-06-15 10:00:00'),
(5, 'Under 18 Male WA 90/1440', 'Under 18 Male', 1, '2024-03-05 10:00:00', '2024-06-15 10:00:00'),
(6, 'Under 18 Female WA 90/1440', 'Under 18 Female', 1, '2024-03-05 10:00:00', '2024-06-15 10:00:00'),
(7, 'Under 21 Male WA 90/1440', 'Under 21 Male', 1, '2024-03-05 10:00:00', '2024-06-15 10:00:00'),
(8, 'Under 21 Female WA 90/1440', 'Under 21 Female', 1, '2024-03-05 10:00:00', '2024-06-15 10:00:00'),
(9, 'Male Open WA 90/1440', 'Male Open', 1, '2024-03-05 10:00:00', '2024-06-15 10:00:00'),
(10, 'Female Open WA 90/1440', 'Female Open', 1, '2024-03-05 10:00:00', '2024-06-15 10:00:00'),
(11, '50+ Male WA 90/1440', '50+ Male', 1, '2024-03-05 10:00:00', '2024-06-15 10:00:00'),
(12, '50+ Female WA 90/1440', '50+ Female', 1, '2024-03-05 10:00:00', '2024-06-15 10:00:00'),
(13, '60+ Male WA 90/1440', '60+ Male', 1, '2024-03-05 10:00:00', '2024-06-15 10:00:00'),
(14, '60+ Female WA 90/1440', '60+ Female', 1, '2024-03-05 10:00:00', '2024-06-15 10:00:00'),
(15, '70+ Male WA 90/1440', '70+ Male', 1, '2024-03-05 10:00:00', '2024-06-15 10:00:00'),
(16, '70+ Female WA 90/1440', '70+ Female', 1, '2024-03-05 10:00:00', '2024-06-15 10:00:00'),
(17, 'Under 14 Male WA 90/1440', 'Under 14 Male', 2, '2024-03-05 10:00:00', '2024-06-15 10:00:00'),
(18, 'Under 14 Female WA 90/1440', 'Under 14 Female', 2, '2024-03-05 10:00:00', '2024-06-15 10:00:00'),
(19, 'Under 16 Male WA 90/1440', 'Under 16 Male', 2, '2024-03-05 10:00:00', '2024-06-15 10:00:00'),
(20, 'Under 16 Female WA 90/1440', 'Under 16 Female', 2, '2024-03-05 10:00:00', '2024-06-15 10:00:00'),
(21, 'Under 18 Male WA 90/1440', 'Under 18 Male', 2, '2024-03-05 10:00:00', '2024-06-15 10:00:00'),
(22, 'Under 18 Female WA 90/1440', 'Under 18 Female', 2, '2024-03-05 10:00:00', '2024-06-15 10:00:00'),
(23, 'Under 21 Male WA 90/1440', 'Under 21 Male', 2, '2024-03-05 10:00:00', '2024-06-15 10:00:00'),
(24, 'Under 21 Female WA 90/1440', 'Under 21 Female', 2, '2024-03-05 10:00:00', '2024-06-15 10:00:00'),
(25, 'Male Open WA 90/1440', 'Male Open', 2, '2024-03-05 10:00:00', '2024-06-15 10:00:00'),
(26, 'Female Open WA 90/1440', 'Female Open', 2, '2024-03-05 10:00:00', '2024-06-15 10:00:00'),
(27, '50+ Male WA 90/1440', '50+ Male', 2, '2024-03-05 10:00:00', '2024-06-15 10:00:00'),
(28, '50+ Female WA 90/1440', '50+ Female', 2, '2024-03-05 10:00:00', '2024-06-15 10:00:00'),
(29, '60+ Male WA 90/1440', '60+ Male', 2, '2024-03-05 10:00:00', '2024-06-15 10:00:00'),
(30, '60+ Female WA 90/1440', '60+ Female', 2, '2024-03-05 10:00:00', '2024-06-15 10:00:00'),
(31, '70+ Male WA 90/1440', '70+ Male', 2, '2024-03-05 10:00:00', '2024-06-15 10:00:00'),
(32, '70+ Female WA 90/1440', '70+ Female', 2, '2024-03-05 10:00:00', '2024-06-15 10:00:00'),
(33, 'Under 14 Male WA 90/1440', 'Under 14 Male', 3, '2024-03-05 10:00:00', '2024-06-15 10:00:00'),
(34, 'Under 14 Female WA 90/1440', 'Under 14 Female', 3, '2024-03-05 10:00:00', '2024-06-15 10:00:00'),
(35, 'Under 16 Male WA 90/1440', 'Under 16 Male', 3, '2024-03-05 10:00:00', '2024-06-15 10:00:00'),
(36, 'Under 16 Female WA 90/1440', 'Under 16 Female', 3, '2024-03-05 10:00:00', '2024-06-15 10:00:00'),
(37, 'Under 18 Male WA 90/1440', 'Under 18 Male', 3, '2024-03-05 10:00:00', '2024-06-15 10:00:00'),
(38, 'Under 18 Female WA 90/1440', 'Under 18 Female', 3, '2024-03-05 10:00:00', '2024-06-15 10:00:00'),
(39, 'Under 21 Male WA 90/1440', 'Under 21 Male', 3, '2024-03-05 10:00:00', '2024-06-15 10:00:00'),
(40, 'Under 21 Female WA 90/1440', 'Under 21 Female', 3, '2024-03-05 10:00:00', '2024-06-15 10:00:00'),
(41, 'Male Open WA 90/1440', 'Male Open', 3, '2024-03-05 10:00:00', '2024-06-15 10:00:00'),
(42, 'Female Open WA 90/1440', 'Female Open', 3, '2024-03-05 10:00:00', '2024-06-15 10:00:00'),
(43, '50+ Male WA 90/1440', '50+ Male', 3, '2024-03-05 10:00:00', '2024-06-15 10:00:00'),
(44, '50+ Female WA 90/1440', '50+ Female', 3, '2024-03-05 10:00:00', '2024-06-15 10:00:00'),
(45, '60+ Male WA 90/1440', '60+ Male', 3, '2024-03-05 10:00:00', '2024-06-15 10:00:00'),
(46, '60+ Female WA 90/1440', '60+ Female', 3, '2024-03-05 10:00:00', '2024-06-15 10:00:00'),
(47, '70+ Male WA 90/1440', '70+ Male', 3, '2024-03-05 10:00:00', '2024-06-15 10:00:00'),
(48, '70+ Female WA 90/1440', '70+ Female', 3, '2024-03-05 10:00:00', '2024-06-15 10:00:00'),
(49, 'Under 14 Male WA 90/1440', 'Under 14 Male', 4, '2024-03-05 10:00:00', '2024-06-15 10:00:00'),
(50, 'Under 14 Female WA 90/1440', 'Under 14 Female', 4, '2024-03-05 10:00:00', '2024-06-15 10:00:00'),
(51, 'Under 16 Male WA 90/1440', 'Under 16 Male', 4, '2024-03-05 10:00:00', '2024-06-15 10:00:00'),
(52, 'Under 16 Female WA 90/1440', 'Under 16 Female', 4, '2024-03-05 10:00:00', '2024-06-15 10:00:00'),
(53, 'Under 18 Male WA 90/1440', 'Under 18 Male', 4, '2024-03-05 10:00:00', '2024-06-15 10:00:00'),
(54, 'Under 18 Female WA 90/1440', 'Under 18 Female', 4, '2024-03-05 10:00:00', '2024-06-15 10:00:00'),
(55, 'Under 21 Male WA 90/1440', 'Under 21 Male', 4, '2024-03-05 10:00:00', '2024-06-15 10:00:00'),
(56, 'Under 21 Female WA 90/1440', 'Under 21 Female', 4, '2024-03-05 10:00:00', '2024-06-15 10:00:00'),
(57, 'Male Open WA 90/1440', 'Male Open', 4, '2024-03-05 10:00:00', '2024-06-15 10:00:00'),
(58, 'Female Open WA 90/1440', 'Female Open', 4, '2024-03-05 10:00:00', '2024-06-15 10:00:00'),
(59, '50+ Male WA 90/1440', '50+ Male', 4, '2024-03-05 10:00:00', '2024-06-15 10:00:00'),
(60, '50+ Female WA 90/1440', '50+ Female', 4, '2024-03-05 10:00:00', '2024-06-15 10:00:00'),
(61, '60+ Male WA 90/1440', '60+ Male', 4, '2024-03-05 10:00:00', '2024-06-15 10:00:00'),
(62, '60+ Female WA 90/1440', '60+ Female', 4, '2024-03-05 10:00:00', '2024-06-15 10:00:00'),
(63, '70+ Male WA 90/1440', '70+ Male', 4, '2024-03-05 10:00:00', '2024-06-15 10:00:00'),
(64, '70+ Female WA 90/1440', '70+ Female', 4, '2024-03-05 10:00:00', '2024-06-15 10:00:00'),
(65, 'Under 14 Male WA 70/1440', 'Under 14 Male', 5, '2024-03-05 10:00:00', '2024-06-15 10:00:00'),
(66, 'Under 14 Female WA 70/1440', 'Under 14 Female', 5, '2024-03-05 10:00:00', '2024-06-15 10:00:00'),
(67, 'Under 16 Male WA 70/1440', 'Under 16 Male', 5, '2024-03-05 10:00:00', '2024-06-15 10:00:00'),
(68, 'Under 16 Female WA 70/1440', 'Under 16 Female', 5, '2024-03-05 10:00:00', '2024-06-15 10:00:00'),
(69, 'Under 18 Male WA 70/1440', 'Under 18 Male', 5, '2024-03-05 10:00:00', '2024-06-15 10:00:00'),
(70, 'Under 18 Female WA 70/1440', 'Under 18 Female', 5, '2024-03-05 10:00:00', '2024-06-15 10:00:00'),
(71, 'Under 21 Male WA 70/1440', 'Under 21 Male', 5, '2024-03-05 10:00:00', '2024-06-15 10:00:00'),
(72, 'Under 21 Female WA 70/1440', 'Under 21 Female', 5, '2024-03-05 10:00:00', '2024-06-15 10:00:00'),
(73, 'Male Open WA 70/1440', 'Male Open', 5, '2024-03-05 10:00:00', '2024-06-15 10:00:00'),
(74, 'Female Open WA 70/1440', 'Female Open', 5, '2024-03-05 10:00:00', '2024-06-15 10:00:00'),
(75, '50+ Male WA 70/1440', '50+ Male', 5, '2024-03-05 10:00:00', '2024-06-15 10:00:00'),
(76, '50+ Female WA 70/1440', '50+ Female', 5, '2024-03-05 10:00:00', '2024-06-15 10:00:00'),
(77, '60+ Male WA 70/1440', '60+ Male', 5, '2024-03-05 10:00:00', '2024-06-15 10:00:00'),
(78, '60+ Female WA 70/1440', '60+ Female', 5, '2024-03-05 10:00:00', '2024-06-15 10:00:00'),
(79, '70+ Male WA 70/1440', '70+ Male', 5, '2024-03-05 10:00:00', '2024-06-15 10:00:00'),
(80, '70+ Female WA 70/1440', '70+ Female', 5, '2024-03-05 10:00:00', '2024-06-15 10:00:00'),
(81, 'Under 14 Male WA 70/1440', 'Under 14 Male', 6, '2024-03-05 10:00:00', '2024-06-15 10:00:00'),
(82, 'Under 14 Female WA 70/1440', 'Under 14 Female', 6, '2024-03-05 10:00:00', '2024-06-15 10:00:00'),
(83, 'Under 16 Male WA 70/1440', 'Under 16 Male', 6, '2024-03-05 10:00:00', '2024-06-15 10:00:00'),
(84, 'Under 16 Female WA 70/1440', 'Under 16 Female', 6, '2024-03-05 10:00:00', '2024-06-15 10:00:00'),
(85, 'Under 18 Male WA 70/1440', 'Under 18 Male', 6, '2024-03-05 10:00:00', '2024-06-15 10:00:00'),
(86, 'Under 18 Female WA 70/1440', 'Under 18 Female', 6, '2024-03-05 10:00:00', '2024-06-15 10:00:00'),
(87, 'Under 21 Male WA 70/1440', 'Under 21 Male', 6, '2024-03-05 10:00:00', '2024-06-15 10:00:00'),
(88, 'Under 21 Female WA 70/1440', 'Under 21 Female', 6, '2024-03-05 10:00:00', '2024-06-15 10:00:00'),
(89, 'Male Open WA 70/1440', 'Male Open', 6, '2024-03-05 10:00:00', '2024-06-15 10:00:00'),
(90, 'Female Open WA 70/1440', 'Female Open', 6, '2024-03-05 10:00:00', '2024-06-15 10:00:00'),
(91, '50+ Male WA 70/1440', '50+ Male', 6, '2024-03-05 10:00:00', '2024-06-15 10:00:00'),
(92, '50+ Female WA 70/1440', '50+ Female', 6, '2024-03-05 10:00:00', '2024-06-15 10:00:00'),
(93, '60+ Male WA 70/1440', '60+ Male', 6, '2024-03-05 10:00:00', '2024-06-15 10:00:00'),
(94, '60+ Female WA 70/1440', '60+ Female', 6, '2024-03-05 10:00:00', '2024-06-15 10:00:00'),
(95, '70+ Male WA 70/1440', '70+ Male', 6, '2024-03-05 10:00:00', '2024-06-15 10:00:00'),
(96, '70+ Female WA 70/1440', '70+ Female', 6, '2024-03-05 10:00:00', '2024-06-15 10:00:00'),
(97, 'Under 14 Male WA 70/1440', 'Under 14 Male', 7, '2024-03-05 10:00:00', '2024-06-15 10:00:00'),
(98, 'Under 14 Female WA 70/1440', 'Under 14 Female', 7, '2024-03-05 10:00:00', '2024-06-15 10:00:00'),
(99, 'Under 16 Male WA 70/1440', 'Under 16 Male', 7, '2024-03-05 10:00:00', '2024-06-15 10:00:00'),
(100, 'Under 16 Female WA 70/1440', 'Under 16 Female', 7, '2024-03-05 10:00:00', '2024-06-15 10:00:00'),
(101, 'Under 18 Male WA 70/1440', 'Under 18 Male', 7, '2024-03-05 10:00:00', '2024-06-15 10:00:00'),
(102, 'Under 18 Female WA 70/1440', 'Under 18 Female', 7, '2024-03-05 10:00:00', '2024-06-15 10:00:00'),
(103, 'Under 21 Male WA 70/1440', 'Under 21 Male', 7, '2024-03-05 10:00:00', '2024-06-15 10:00:00'),
(104, 'Under 21 Female WA 70/1440', 'Under 21 Female', 7, '2024-03-05 10:00:00', '2024-06-15 10:00:00'),
(105, 'Male Open WA 70/1440', 'Male Open', 7, '2024-03-05 10:00:00', '2024-06-15 10:00:00'),
(106, 'Female Open WA 70/1440', 'Female Open', 7, '2024-03-05 10:00:00', '2024-06-15 10:00:00'),
(107, '50+ Male WA 70/1440', '50+ Male', 7, '2024-03-05 10:00:00', '2024-06-15 10:00:00'),
(108, '50+ Female WA 70/1440', '50+ Female', 7, '2024-03-05 10:00:00', '2024-06-15 10:00:00'),
(109, '60+ Male WA 70/1440', '60+ Male', 7, '2024-03-05 10:00:00', '2024-06-15 10:00:00'),
(110, '60+ Female WA 70/1440', '60+ Female', 7, '2024-03-05 10:00:00', '2024-06-15 10:00:00'),
(111, '70+ Male WA 70/1440', '70+ Male', 7, '2024-03-05 10:00:00', '2024-06-15 10:00:00'),
(112, '70+ Female WA 70/1440', '70+ Female', 7, '2024-03-05 10:00:00', '2024-06-15 10:00:00'),
(113, 'Under 14 Male WA 70/1440', 'Under 14 Male', 8, '2024-03-05 10:00:00', '2024-06-15 10:00:00'),
(114, 'Under 14 Female WA 70/1440', 'Under 14 Female', 8, '2024-03-05 10:00:00', '2024-06-15 10:00:00'),
(115, 'Under 16 Male WA 70/1440', 'Under 16 Male', 8, '2024-03-05 10:00:00', '2024-06-15 10:00:00'),
(116, 'Under 16 Female WA 70/1440', 'Under 16 Female', 8, '2024-03-05 10:00:00', '2024-06-15 10:00:00'),
(117, 'Under 18 Male WA 70/1440', 'Under 18 Male', 8, '2024-03-05 10:00:00', '2024-06-15 10:00:00'),
(118, 'Under 18 Female WA 70/1440', 'Under 18 Female', 8, '2024-03-05 10:00:00', '2024-06-15 10:00:00'),
(119, 'Under 21 Male WA 70/1440', 'Under 21 Male', 8, '2024-03-05 10:00:00', '2024-06-15 10:00:00'),
(120, 'Under 21 Female WA 70/1440', 'Under 21 Female', 8, '2024-03-05 10:00:00', '2024-06-15 10:00:00'),
(121, 'Male Open WA 70/1440', 'Male Open', 8, '2024-03-05 10:00:00', '2024-06-15 10:00:00'),
(122, 'Female Open WA 70/1440', 'Female Open', 8, '2024-03-05 10:00:00', '2024-06-15 10:00:00'),
(123, '50+ Male WA 70/1440', '50+ Male', 8, '2024-03-05 10:00:00', '2024-06-15 10:00:00'),
(124, '50+ Female WA 70/1440', '50+ Female', 8, '2024-03-05 10:00:00', '2024-06-15 10:00:00'),
(125, '60+ Male WA 70/1440', '60+ Male', 8, '2024-03-05 10:00:00', '2024-06-15 10:00:00'),
(126, '60+ Female WA 70/1440', '60+ Female', 8, '2024-03-05 10:00:00', '2024-06-15 10:00:00'),
(127, '70+ Male WA 70/1440', '70+ Male', 8, '2024-03-05 10:00:00', '2024-06-15 10:00:00'),
(128, '70+ Female WA 70/1440', '70+ Female', 8, '2024-03-05 10:00:00', '2024-06-15 10:00:00'),
(129, 'Under 14 Male WA 60/1440', 'Under 14 Male', 9, '2024-03-05 10:00:00', '2024-06-15 10:00:00'),
(130, 'Under 14 Female WA 60/1440', 'Under 14 Female', 9, '2024-03-05 10:00:00', '2024-06-15 10:00:00'),
(131, 'Under 16 Male WA 60/1440', 'Under 16 Male', 9, '2024-03-05 10:00:00', '2024-06-15 10:00:00'),
(132, 'Under 16 Female WA 60/1440', 'Under 16 Female', 9, '2024-03-05 10:00:00', '2024-06-15 10:00:00'),
(133, 'Under 18 Male WA 60/1440', 'Under 18 Male', 9, '2024-03-05 10:00:00', '2024-06-15 10:00:00'),
(134, 'Under 18 Female WA 60/1440', 'Under 18 Female', 9, '2024-03-05 10:00:00', '2024-06-15 10:00:00'),
(135, 'Under 21 Male WA 60/1440', 'Under 21 Male', 9, '2024-03-05 10:00:00', '2024-06-15 10:00:00'),
(136, 'Under 21 Female WA 60/1440', 'Under 21 Female', 9, '2024-03-05 10:00:00', '2024-06-15 10:00:00'),
(137, 'Male Open WA 60/1440', 'Male Open', 9, '2024-03-05 10:00:00', '2024-06-15 10:00:00'),
(138, 'Female Open WA 60/1440', 'Female Open', 9, '2024-03-05 10:00:00', '2024-06-15 10:00:00'),
(139, '50+ Male WA 60/1440', '50+ Male', 9, '2024-03-05 10:00:00', '2024-06-15 10:00:00'),
(140, '50+ Female WA 60/1440', '50+ Female', 9, '2024-03-05 10:00:00', '2024-06-15 10:00:00'),
(141, '60+ Male WA 60/1440', '60+ Male', 9, '2024-03-05 10:00:00', '2024-06-15 10:00:00'),
(142, '60+ Female WA 60/1440', '60+ Female', 9, '2024-03-05 10:00:00', '2024-06-15 10:00:00'),
(143, '70+ Male WA 60/1440', '70+ Male', 9, '2024-03-05 10:00:00', '2024-06-15 10:00:00'),
(144, '70+ Female WA 60/1440', '70+ Female', 9, '2024-03-05 10:00:00', '2024-06-15 10:00:00'),
(145, 'Under 14 Male WA 60/1440', 'Under 14 Male', 10, '2024-03-05 10:00:00', '2024-06-15 10:00:00'),
(146, 'Under 14 Female WA 60/1440', 'Under 14 Female', 10, '2024-03-05 10:00:00', '2024-06-15 10:00:00'),
(147, 'Under 16 Male WA 60/1440', 'Under 16 Male', 10, '2024-03-05 10:00:00', '2024-06-15 10:00:00'),
(148, 'Under 16 Female WA 60/1440', 'Under 16 Female', 10, '2024-03-05 10:00:00', '2024-06-15 10:00:00'),
(149, 'Under 18 Male WA 60/1440', 'Under 18 Male', 10, '2024-03-05 10:00:00', '2024-06-15 10:00:00'),
(150, 'Under 18 Female WA 60/1440', 'Under 18 Female', 10, '2024-03-05 10:00:00', '2024-06-15 10:00:00'),
(151, 'Under 21 Male WA 60/1440', 'Under 21 Male', 10, '2024-03-05 10:00:00', '2024-06-15 10:00:00'),
(152, 'Under 21 Female WA 60/1440', 'Under 21 Female', 10, '2024-03-05 10:00:00', '2024-06-15 10:00:00'),
(153, 'Male Open WA 60/1440', 'Male Open', 10, '2024-03-05 10:00:00', '2024-06-15 10:00:00'),
(154, 'Female Open WA 60/1440', 'Female Open', 10, '2024-03-05 10:00:00', '2024-06-15 10:00:00'),
(155, '50+ Male WA 60/1440', '50+ Male', 10, '2024-03-05 10:00:00', '2024-06-15 10:00:00'),
(156, '50+ Female WA 60/1440', '50+ Female', 10, '2024-03-05 10:00:00', '2024-06-15 10:00:00'),
(157, '60+ Male WA 60/1440', '60+ Male', 10, '2024-03-05 10:00:00', '2024-06-15 10:00:00'),
(158, '60+ Female WA 60/1440', '60+ Female', 10, '2024-03-05 10:00:00', '2024-06-15 10:00:00'),
(159, '70+ Male WA 60/1440', '70+ Male', 10, '2024-03-05 10:00:00', '2024-06-15 10:00:00'),
(160, '70+ Female WA 60/1440', '70+ Female', 10, '2024-03-05 10:00:00', '2024-06-15 10:00:00'),
(161, 'Under 14 Male WA 60/1440', 'Under 14 Male', 11, '2024-03-05 10:00:00', '2024-06-15 10:00:00'),
(162, 'Under 14 Female WA 60/1440', 'Under 14 Female', 11, '2024-03-05 10:00:00', '2024-06-15 10:00:00'),
(163, 'Under 16 Male WA 60/1440', 'Under 16 Male', 11, '2024-03-05 10:00:00', '2024-06-15 10:00:00'),
(164, 'Under 16 Female WA 60/1440', 'Under 16 Female', 11, '2024-03-05 10:00:00', '2024-06-15 10:00:00'),
(165, 'Under 18 Male WA 60/1440', 'Under 18 Male', 11, '2024-03-05 10:00:00', '2024-06-15 10:00:00'),
(166, 'Under 18 Female WA 60/1440', 'Under 18 Female', 11, '2024-03-05 10:00:00', '2024-06-15 10:00:00'),
(167, 'Under 21 Male WA 60/1440', 'Under 21 Male', 11, '2024-03-05 10:00:00', '2024-06-15 10:00:00'),
(168, 'Under 21 Female WA 60/1440', 'Under 21 Female', 11, '2024-03-05 10:00:00', '2024-06-15 10:00:00'),
(169, 'Male Open WA 60/1440', 'Male Open', 11, '2024-03-05 10:00:00', '2024-06-15 10:00:00'),
(170, 'Female Open WA 60/1440', 'Female Open', 11, '2024-03-05 10:00:00', '2024-06-15 10:00:00'),
(171, '50+ Male WA 60/1440', '50+ Male', 11, '2024-03-05 10:00:00', '2024-06-15 10:00:00'),
(172, '50+ Female WA 60/1440', '50+ Female', 11, '2024-03-05 10:00:00', '2024-06-15 10:00:00'),
(173, '60+ Male WA 60/1440', '60+ Male', 11, '2024-03-05 10:00:00', '2024-06-15 10:00:00'),
(174, '60+ Female WA 60/1440', '60+ Female', 11, '2024-03-05 10:00:00', '2024-06-15 10:00:00'),
(175, '70+ Male WA 60/1440', '70+ Male', 11, '2024-03-05 10:00:00', '2024-06-15 10:00:00'),
(176, '70+ Female WA 60/1440', '70+ Female', 11, '2024-03-05 10:00:00', '2024-06-15 10:00:00'),
(177, 'Under 14 Male WA 60/1440', 'Under 14 Male', 12, '2024-03-05 10:00:00', '2024-06-15 10:00:00'),
(178, 'Under 14 Female WA 60/1440', 'Under 14 Female', 12, '2024-03-05 10:00:00', '2024-06-15 10:00:00'),
(179, 'Under 16 Male WA 60/1440', 'Under 16 Male', 12, '2024-03-05 10:00:00', '2024-06-15 10:00:00'),
(180, 'Under 16 Female WA 60/1440', 'Under 16 Female', 12, '2024-03-05 10:00:00', '2024-06-15 10:00:00'),
(181, 'Under 18 Male WA 60/1440', 'Under 18 Male', 12, '2024-03-05 10:00:00', '2024-06-15 10:00:00'),
(182, 'Under 18 Female WA 60/1440', 'Under 18 Female', 12, '2024-03-05 10:00:00', '2024-06-15 10:00:00'),
(183, 'Under 21 Male WA 60/1440', 'Under 21 Male', 12, '2024-03-05 10:00:00', '2024-06-15 10:00:00'),
(184, 'Under 21 Female WA 60/1440', 'Under 21 Female', 12, '2024-03-05 10:00:00', '2024-06-15 10:00:00'),
(185, 'Male Open WA 60/1440', 'Male Open', 12, '2024-03-05 10:00:00', '2024-06-15 10:00:00'),
(186, 'Female Open WA 60/1440', 'Female Open', 12, '2024-03-05 10:00:00', '2024-06-15 10:00:00'),
(187, '50+ Male WA 60/1440', '50+ Male', 12, '2024-03-05 10:00:00', '2024-06-15 10:00:00'),
(188, '50+ Female WA 60/1440', '50+ Female', 12, '2024-03-05 10:00:00', '2024-06-15 10:00:00'),
(189, '60+ Male WA 60/1440', '60+ Male', 12, '2024-03-05 10:00:00', '2024-06-15 10:00:00'),
(190, '60+ Female WA 60/1440', '60+ Female', 12, '2024-03-05 10:00:00', '2024-06-15 10:00:00'),
(191, '70+ Male WA 60/1440', '70+ Male', 12, '2024-03-05 10:00:00', '2024-06-15 10:00:00'),
(192, '70+ Female WA 60/1440', '70+ Female', 12, '2024-03-05 10:00:00', '2024-06-15 10:00:00'),
(193, 'Under 14 Male AA 50/1440', 'Under 14 Male', 13, '2024-03-05 10:00:00', '2024-06-15 10:00:00'),
(194, 'Under 14 Female AA 50/1440', 'Under 14 Female', 13, '2024-03-05 10:00:00', '2024-06-15 10:00:00'),
(195, 'Under 16 Male AA 50/1440', 'Under 16 Male', 13, '2024-03-05 10:00:00', '2024-06-15 10:00:00'),
(196, 'Under 16 Female AA 50/1440', 'Under 16 Female', 13, '2024-03-05 10:00:00', '2024-06-15 10:00:00'),
(197, 'Under 18 Male AA 50/1440', 'Under 18 Male', 13, '2024-03-05 10:00:00', '2024-06-15 10:00:00'),
(198, 'Under 18 Female AA 50/1440', 'Under 18 Female', 13, '2024-03-05 10:00:00', '2024-06-15 10:00:00'),
(199, 'Under 21 Male AA 50/1440', 'Under 21 Male', 13, '2024-03-05 10:00:00', '2024-06-15 10:00:00'),
(200, 'Under 21 Female AA 50/1440', 'Under 21 Female', 13, '2024-03-05 10:00:00', '2024-06-15 10:00:00'),
(201, 'Male Open AA 50/1440', 'Male Open', 13, '2024-03-05 10:00:00', '2024-06-15 10:00:00'),
(202, 'Female Open AA 50/1440', 'Female Open', 13, '2024-03-05 10:00:00', '2024-06-15 10:00:00'),
(203, '50+ Male AA 50/1440', '50+ Male', 13, '2024-03-05 10:00:00', '2024-06-15 10:00:00'),
(204, '50+ Female AA 50/1440', '50+ Female', 13, '2024-03-05 10:00:00', '2024-06-15 10:00:00'),
(205, '60+ Male AA 50/1440', '60+ Male', 13, '2024-03-05 10:00:00', '2024-06-15 10:00:00'),
(206, '60+ Female AA 50/1440', '60+ Female', 13, '2024-03-05 10:00:00', '2024-06-15 10:00:00'),
(207, '70+ Male AA 50/1440', '70+ Male', 13, '2024-03-05 10:00:00', '2024-06-15 10:00:00'),
(208, '70+ Female AA 50/1440', '70+ Female', 13, '2024-03-05 10:00:00', '2024-06-15 10:00:00'),
(209, 'Under 14 Male AA 50/1440', 'Under 14 Male', 14, '2024-03-05 10:00:00', '2024-06-15 10:00:00'),
(210, 'Under 14 Female AA 50/1440', 'Under 14 Female', 14, '2024-03-05 10:00:00', '2024-06-15 10:00:00'),
(211, 'Under 16 Male AA 50/1440', 'Under 16 Male', 14, '2024-03-05 10:00:00', '2024-06-15 10:00:00'),
(212, 'Under 16 Female AA 50/1440', 'Under 16 Female', 14, '2024-03-05 10:00:00', '2024-06-15 10:00:00'),
(213, 'Under 18 Male AA 50/1440', 'Under 18 Male', 14, '2024-03-05 10:00:00', '2024-06-15 10:00:00'),
(214, 'Under 18 Female AA 50/1440', 'Under 18 Female', 14, '2024-03-05 10:00:00', '2024-06-15 10:00:00'),
(215, 'Under 21 Male AA 50/1440', 'Under 21 Male', 14, '2024-03-05 10:00:00', '2024-06-15 10:00:00'),
(216, 'Under 21 Female AA 50/1440', 'Under 21 Female', 14, '2024-03-05 10:00:00', '2024-06-15 10:00:00'),
(217, 'Male Open AA 50/1440', 'Male Open', 14, '2024-03-05 10:00:00', '2024-06-15 10:00:00'),
(218, 'Female Open AA 50/1440', 'Female Open', 14, '2024-03-05 10:00:00', '2024-06-15 10:00:00'),
(219, '50+ Male AA 50/1440', '50+ Male', 14, '2024-03-05 10:00:00', '2024-06-15 10:00:00'),
(220, '50+ Female AA 50/1440', '50+ Female', 14, '2024-03-05 10:00:00', '2024-06-15 10:00:00'),
(221, '60+ Male AA 50/1440', '60+ Male', 14, '2024-03-05 10:00:00', '2024-06-15 10:00:00'),
(222, '60+ Female AA 50/1440', '60+ Female', 14, '2024-03-05 10:00:00', '2024-06-15 10:00:00'),
(223, '70+ Male AA 50/1440', '70+ Male', 14, '2024-03-05 10:00:00', '2024-06-15 10:00:00'),
(224, '70+ Female AA 50/1440', '70+ Female', 14, '2024-03-05 10:00:00', '2024-06-15 10:00:00'),
(225, 'Under 14 Male AA 50/1440', 'Under 14 Male', 15, '2024-03-05 10:00:00', '2024-06-15 10:00:00'),
(226, 'Under 14 Female AA 50/1440', 'Under 14 Female', 15, '2024-03-05 10:00:00', '2024-06-15 10:00:00'),
(227, 'Under 16 Male AA 50/1440', 'Under 16 Male', 15, '2024-03-05 10:00:00', '2024-06-15 10:00:00'),
(228, 'Under 16 Female AA 50/1440', 'Under 16 Female', 15, '2024-03-05 10:00:00', '2024-06-15 10:00:00'),
(229, 'Under 18 Male AA 50/1440', 'Under 18 Male', 15, '2024-03-05 10:00:00', '2024-06-15 10:00:00'),
(230, 'Under 18 Female AA 50/1440', 'Under 18 Female', 15, '2024-03-05 10:00:00', '2024-06-15 10:00:00'),
(231, 'Under 21 Male AA 50/1440', 'Under 21 Male', 15, '2024-03-05 10:00:00', '2024-06-15 10:00:00'),
(232, 'Under 21 Female AA 50/1440', 'Under 21 Female', 15, '2024-03-05 10:00:00', '2024-06-15 10:00:00'),
(233, 'Male Open AA 50/1440', 'Male Open', 15, '2024-03-05 10:00:00', '2024-06-15 10:00:00'),
(234, 'Female Open AA 50/1440', 'Female Open', 15, '2024-03-05 10:00:00', '2024-06-15 10:00:00'),
(235, '50+ Male AA 50/1440', '50+ Male', 15, '2024-03-05 10:00:00', '2024-06-15 10:00:00'),
(236, '50+ Female AA 50/1440', '50+ Female', 15, '2024-03-05 10:00:00', '2024-06-15 10:00:00'),
(237, '60+ Male AA 50/1440', '60+ Male', 15, '2024-03-05 10:00:00', '2024-06-15 10:00:00'),
(238, '60+ Female AA 50/1440', '60+ Female', 15, '2024-03-05 10:00:00', '2024-06-15 10:00:00'),
(239, '70+ Male AA 50/1440', '70+ Male', 15, '2024-03-05 10:00:00', '2024-06-15 10:00:00'),
(240, '70+ Female AA 50/1440', '70+ Female', 15, '2024-03-05 10:00:00', '2024-06-15 10:00:00'),
(241, 'Under 14 Male AA 50/1440', 'Under 14 Male', 16, '2024-03-05 10:00:00', '2024-06-15 10:00:00'),
(242, 'Under 14 Female AA 50/1440', 'Under 14 Female', 16, '2024-03-05 10:00:00', '2024-06-15 10:00:00'),
(243, 'Under 16 Male AA 50/1440', 'Under 16 Male', 16, '2024-03-05 10:00:00', '2024-06-15 10:00:00'),
(244, 'Under 16 Female AA 50/1440', 'Under 16 Female', 16, '2024-03-05 10:00:00', '2024-06-15 10:00:00'),
(245, 'Under 18 Male AA 50/1440', 'Under 18 Male', 16, '2024-03-05 10:00:00', '2024-06-15 10:00:00'),
(246, 'Under 18 Female AA 50/1440', 'Under 18 Female', 16, '2024-03-05 10:00:00', '2024-06-15 10:00:00'),
(247, 'Under 21 Male AA 50/1440', 'Under 21 Male', 16, '2024-03-05 10:00:00', '2024-06-15 10:00:00'),
(248, 'Under 21 Female AA 50/1440', 'Under 21 Female', 16, '2024-03-05 10:00:00', '2024-06-15 10:00:00'),
(249, 'Male Open AA 50/1440', 'Male Open', 16, '2024-03-05 10:00:00', '2024-06-15 10:00:00'),
(250, 'Female Open AA 50/1440', 'Female Open', 16, '2024-03-05 10:00:00', '2024-06-15 10:00:00'),
(251, '50+ Male AA 50/1440', '50+ Male', 16, '2024-03-05 10:00:00', '2024-06-15 10:00:00'),
(252, '50+ Female AA 50/1440', '50+ Female', 16, '2024-03-05 10:00:00', '2024-06-15 10:00:00'),
(253, '60+ Male AA 50/1440', '60+ Male', 16, '2024-03-05 10:00:00', '2024-06-15 10:00:00'),
(254, '60+ Female AA 50/1440', '60+ Female', 16, '2024-03-05 10:00:00', '2024-06-15 10:00:00'),
(255, '70+ Male AA 50/1440', '70+ Male', 16, '2024-03-05 10:00:00', '2024-06-15 10:00:00'),
(256, '70+ Female AA 50/1440', '70+ Female', 16, '2024-03-05 10:00:00', '2024-06-15 10:00:00'),
(257, 'Under 14 Male AA 40/1440', 'Under 14 Male', 17, '2024-03-05 10:00:00', '2024-06-15 10:00:00'),
(258, 'Under 14 Female AA 40/1440', 'Under 14 Female', 17, '2024-03-05 10:00:00', '2024-06-15 10:00:00'),
(259, 'Under 16 Male AA 40/1440', 'Under 16 Male', 17, '2024-03-05 10:00:00', '2024-06-15 10:00:00'),
(260, 'Under 16 Female AA 40/1440', 'Under 16 Female', 17, '2024-03-05 10:00:00', '2024-06-15 10:00:00'),
(261, 'Under 18 Male AA 40/1440', 'Under 18 Male', 17, '2024-03-05 10:00:00', '2024-06-15 10:00:00'),
(262, 'Under 18 Female AA 40/1440', 'Under 18 Female', 17, '2024-03-05 10:00:00', '2024-06-15 10:00:00'),
(263, 'Under 21 Male AA 40/1440', 'Under 21 Male', 17, '2024-03-05 10:00:00', '2024-06-15 10:00:00'),
(264, 'Under 21 Female AA 40/1440', 'Under 21 Female', 17, '2024-03-05 10:00:00', '2024-06-15 10:00:00'),
(265, 'Male Open AA 40/1440', 'Male Open', 17, '2024-03-05 10:00:00', '2024-06-15 10:00:00'),
(266, 'Female Open AA 40/1440', 'Female Open', 17, '2024-03-05 10:00:00', '2024-06-15 10:00:00'),
(267, '50+ Male AA 40/1440', '50+ Male', 17, '2024-03-05 10:00:00', '2024-06-15 10:00:00'),
(268, '50+ Female AA 40/1440', '50+ Female', 17, '2024-03-05 10:00:00', '2024-06-15 10:00:00'),
(269, '60+ Male AA 40/1440', '60+ Male', 17, '2024-03-05 10:00:00', '2024-06-15 10:00:00'),
(270, '60+ Female AA 40/1440', '60+ Female', 17, '2024-03-05 10:00:00', '2024-06-15 10:00:00'),
(271, '70+ Male AA 40/1440', '70+ Male', 17, '2024-03-05 10:00:00', '2024-06-15 10:00:00'),
(272, '70+ Female AA 40/1440', '70+ Female', 17, '2024-03-05 10:00:00', '2024-06-15 10:00:00'),
(273, 'Under 14 Male AA 40/1440', 'Under 14 Male', 18, '2024-03-05 10:00:00', '2024-06-15 10:00:00'),
(274, 'Under 14 Female AA 40/1440', 'Under 14 Female', 18, '2024-03-05 10:00:00', '2024-06-15 10:00:00'),
(275, 'Under 16 Male AA 40/1440', 'Under 16 Male', 18, '2024-03-05 10:00:00', '2024-06-15 10:00:00'),
(276, 'Under 16 Female AA 40/1440', 'Under 16 Female', 18, '2024-03-05 10:00:00', '2024-06-15 10:00:00'),
(277, 'Under 18 Male AA 40/1440', 'Under 18 Male', 18, '2024-03-05 10:00:00', '2024-06-15 10:00:00'),
(278, 'Under 18 Female AA 40/1440', 'Under 18 Female', 18, '2024-03-05 10:00:00', '2024-06-15 10:00:00'),
(279, 'Under 21 Male AA 40/1440', 'Under 21 Male', 18, '2024-03-05 10:00:00', '2024-06-15 10:00:00'),
(280, 'Under 21 Female AA 40/1440', 'Under 21 Female', 18, '2024-03-05 10:00:00', '2024-06-15 10:00:00'),
(281, 'Male Open AA 40/1440', 'Male Open', 18, '2024-03-05 10:00:00', '2024-06-15 10:00:00'),
(282, 'Female Open AA 40/1440', 'Female Open', 18, '2024-03-05 10:00:00', '2024-06-15 10:00:00'),
(283, '50+ Male AA 40/1440', '50+ Male', 18, '2024-03-05 10:00:00', '2024-06-15 10:00:00'),
(284, '50+ Female AA 40/1440', '50+ Female', 18, '2024-03-05 10:00:00', '2024-06-15 10:00:00'),
(285, '60+ Male AA 40/1440', '60+ Male', 18, '2024-03-05 10:00:00', '2024-06-15 10:00:00'),
(286, '60+ Female AA 40/1440', '60+ Female', 18, '2024-03-05 10:00:00', '2024-06-15 10:00:00'),
(287, '70+ Male AA 40/1440', '70+ Male', 18, '2024-03-05 10:00:00', '2024-06-15 10:00:00'),
(288, '70+ Female AA 40/1440', '70+ Female', 18, '2024-03-05 10:00:00', '2024-06-15 10:00:00'),
(289, 'Under 14 Male AA 40/1440', 'Under 14 Male', 19, '2024-03-05 10:00:00', '2024-06-15 10:00:00'),
(290, 'Under 14 Female AA 40/1440', 'Under 14 Female', 19, '2024-03-05 10:00:00', '2024-06-15 10:00:00'),
(291, 'Under 16 Male AA 40/1440', 'Under 16 Male', 19, '2024-03-05 10:00:00', '2024-06-15 10:00:00'),
(292, 'Under 16 Female AA 40/1440', 'Under 16 Female', 19, '2024-03-05 10:00:00', '2024-06-15 10:00:00'),
(293, 'Under 18 Male AA 40/1440', 'Under 18 Male', 19, '2024-03-05 10:00:00', '2024-06-15 10:00:00'),
(294, 'Under 18 Female AA 40/1440', 'Under 18 Female', 19, '2024-03-05 10:00:00', '2024-06-15 10:00:00'),
(295, 'Under 21 Male AA 40/1440', 'Under 21 Male', 19, '2024-03-05 10:00:00', '2024-06-15 10:00:00'),
(296, 'Under 21 Female AA 40/1440', 'Under 21 Female', 19, '2024-03-05 10:00:00', '2024-06-15 10:00:00'),
(297, 'Male Open AA 40/1440', 'Male Open', 19, '2024-03-05 10:00:00', '2024-06-15 10:00:00'),
(298, 'Female Open AA 40/1440', 'Female Open', 19, '2024-03-05 10:00:00', '2024-06-15 10:00:00'),
(299, '50+ Male AA 40/1440', '50+ Male', 19, '2024-03-05 10:00:00', '2024-06-15 10:00:00'),
(300, '50+ Female AA 40/1440', '50+ Female', 19, '2024-03-05 10:00:00', '2024-06-15 10:00:00'),
(301, '60+ Male AA 40/1440', '60+ Male', 19, '2024-03-05 10:00:00', '2024-06-15 10:00:00'),
(302, '60+ Female AA 40/1440', '60+ Female', 19, '2024-03-05 10:00:00', '2024-06-15 10:00:00'),
(303, '70+ Male AA 40/1440', '70+ Male', 19, '2024-03-05 10:00:00', '2024-06-15 10:00:00'),
(304, '70+ Female AA 40/1440', '70+ Female', 19, '2024-03-05 10:00:00', '2024-06-15 10:00:00'),
(305, 'Under 14 Male AA 40/1440', 'Under 14 Male', 20, '2024-03-05 10:00:00', '2024-06-15 10:00:00'),
(306, 'Under 14 Female AA 40/1440', 'Under 14 Female', 20, '2024-03-05 10:00:00', '2024-06-15 10:00:00'),
(307, 'Under 16 Male AA 40/1440', 'Under 16 Male', 20, '2024-03-05 10:00:00', '2024-06-15 10:00:00'),
(308, 'Under 16 Female AA 40/1440', 'Under 16 Female', 20, '2024-03-05 10:00:00', '2024-06-15 10:00:00'),
(309, 'Under 18 Male AA 40/1440', 'Under 18 Male', 20, '2024-03-05 10:00:00', '2024-06-15 10:00:00'),
(310, 'Under 18 Female AA 40/1440', 'Under 18 Female', 20, '2024-03-05 10:00:00', '2024-06-15 10:00:00'),
(311, 'Under 21 Male AA 40/1440', 'Under 21 Male', 20, '2024-03-05 10:00:00', '2024-06-15 10:00:00'),
(312, 'Under 21 Female AA 40/1440', 'Under 21 Female', 20, '2024-03-05 10:00:00', '2024-06-15 10:00:00'),
(313, 'Male Open AA 40/1440', 'Male Open', 20, '2024-03-05 10:00:00', '2024-06-15 10:00:00'),
(314, 'Female Open AA 40/1440', 'Female Open', 20, '2024-03-05 10:00:00', '2024-06-15 10:00:00'),
(315, '50+ Male AA 40/1440', '50+ Male', 20, '2024-03-05 10:00:00', '2024-06-15 10:00:00'),
(316, '50+ Female AA 40/1440', '50+ Female', 20, '2024-03-05 10:00:00', '2024-06-15 10:00:00'),
(317, '60+ Male AA 40/1440', '60+ Male', 20, '2024-03-05 10:00:00', '2024-06-15 10:00:00'),
(318, '60+ Female AA 40/1440', '60+ Female', 20, '2024-03-05 10:00:00', '2024-06-15 10:00:00'),
(319, '70+ Male AA 40/1440', '70+ Male', 20, '2024-03-05 10:00:00', '2024-06-15 10:00:00'),
(320, '70+ Female AA 40/1440', '70+ Female', 20, '2024-03-05 10:00:00', '2024-06-15 10:00:00');

-- --------------------------------------------------------

--
-- Table structure for table `Competitions`
--

CREATE TABLE `Competitions` (
  `CompID` int(11) NOT NULL,
  `CompName` varchar(50) NOT NULL,
  `ChampID` int(11) DEFAULT NULL,
  `CompDateTime` datetime NOT NULL
) ENGINE=InnoDB DEFAULT CHARSET=latin1;

--
-- Dumping data for table `Competitions`
--

INSERT INTO `Competitions` (`CompID`, `CompName`, `ChampID`, `CompDateTime`) VALUES
(1, 'Charity Competition', NULL, '2024-06-05 12:00:00'),
(2, 'Under 18 Mixed Competition', 5, '2024-07-13 10:00:00'),
(3, '18-50 Mixed Competition', 3, '2024-05-03 11:00:00'),
(4, '50+ Mixed Competition', 4, '2024-08-02 12:30:00'),
(5, 'All Ages Competition', 1, '2024-09-24 13:30:00'),
(6, 'Easter Competition', NULL, '2024-03-31 11:30:00');

-- --------------------------------------------------------

--
-- Table structure for table `Ends`
--

CREATE TABLE `Ends` (
  `EndID` int(11) NOT NULL,
  `ArcherID` int(11) NOT NULL,
  `EndArrow1` int(11) NOT NULL,
  `EndArrow2` int(11) NOT NULL,
  `EndArrow3` int(11) NOT NULL,
  `EndArrow4` int(11) NOT NULL,
  `EndArrow5` int(11) NOT NULL,
  `EndArrow6` int(11) NOT NULL,
  `ScoreID` int(11) NOT NULL
) ENGINE=InnoDB DEFAULT CHARSET=latin1;

--
-- Dumping data for table `Ends`
--

INSERT INTO `Ends` (`EndID`, `ArcherID`, `EndArrow1`, `EndArrow2`, `EndArrow3`, `EndArrow4`, `EndArrow5`, `EndArrow6`, `ScoreID`) VALUES
(1, 490, 2, 3, 7, 5, 7, 8, 249),
(2, 439, 5, 10, 1, 9, 2, 9, 151),
(3, 52, 10, 9, 4, 1, 1, 5, 21),
(4, 53, 5, 3, 10, 1, 5, 4, 93),
(5, 457, 1, 9, 4, 4, 5, 2, 103),
(6, 482, 10, 2, 7, 2, 5, 8, 88),
(7, 159, 4, 1, 8, 6, 1, 1, 15),
(8, 261, 4, 1, 1, 7, 9, 1, 198),
(9, 490, 8, 7, 7, 6, 4, 2, 249),
(10, 417, 7, 8, 7, 3, 6, 7, 212),
(11, 457, 9, 6, 9, 3, 4, 2, 103),
(12, 217, 2, 9, 10, 9, 5, 5, 190),
(13, 53, 3, 7, 2, 10, 2, 10, 243),
(14, 12, 4, 5, 6, 7, 1, 8, 71),
(15, 438, 7, 1, 7, 8, 8, 8, 181),
(16, 392, 5, 6, 6, 8, 4, 3, 66),
(17, 9, 9, 7, 1, 3, 2, 3, 153),
(18, 263, 7, 5, 4, 6, 6, 10, 120),
(19, 410, 8, 4, 7, 6, 1, 2, 47),
(20, 249, 2, 8, 5, 4, 10, 10, 54),
(21, 175, 2, 9, 4, 4, 5, 8, 129),
(22, 61, 2, 2, 4, 8, 7, 2, 169),
(23, 327, 10, 1, 3, 10, 3, 5, 208),
(24, 486, 8, 1, 6, 4, 2, 9, 74),
(25, 29, 9, 7, 8, 3, 10, 10, 60),
(26, 484, 4, 5, 1, 7, 2, 4, 174),
(27, 454, 8, 7, 2, 5, 7, 6, 59),
(28, 420, 4, 9, 3, 3, 4, 3, 73),
(29, 53, 4, 9, 9, 4, 8, 8, 93),
(30, 116, 7, 2, 8, 10, 7, 4, 33),
(31, 69, 8, 5, 1, 3, 2, 10, 218),
(32, 101, 4, 7, 8, 10, 4, 4, 207),
(33, 444, 6, 2, 8, 1, 9, 3, 101),
(34, 197, 4, 9, 5, 10, 9, 6, 240),
(35, 487, 3, 8, 1, 7, 10, 10, 242),
(36, 45, 2, 9, 10, 7, 2, 6, 96),
(37, 143, 8, 8, 9, 1, 1, 10, 192),
(38, 143, 1, 1, 3, 9, 9, 6, 192),
(39, 135, 10, 5, 8, 7, 2, 4, 57),
(40, 159, 5, 6, 10, 5, 2, 3, 15),
(41, 276, 4, 3, 9, 9, 1, 3, 215),
(42, 23, 5, 4, 6, 7, 3, 5, 122),
(43, 322, 9, 8, 7, 1, 2, 3, 244),
(44, 135, 6, 9, 8, 8, 7, 9, 233),
(45, 125, 4, 6, 2, 10, 6, 5, 188),
(46, 151, 7, 5, 2, 6, 3, 10, 236),
(47, 244, 5, 2, 2, 2, 4, 1, 223),
(48, 61, 4, 9, 8, 1, 4, 5, 169),
(49, 482, 2, 8, 8, 3, 8, 9, 100),
(50, 420, 9, 6, 8, 6, 8, 3, 70),
(51, 459, 2, 7, 10, 7, 6, 5, 204),
(52, 117, 9, 6, 7, 10, 4, 2, 130),
(53, 379, 3, 10, 10, 3, 2, 4, 160),
(54, 468, 4, 3, 6, 2, 10, 5, 247),
(55, 406, 8, 2, 1, 9, 8, 10, 221),
(56, 170, 7, 2, 9, 5, 3, 5, 143),
(57, 263, 3, 9, 6, 2, 10, 9, 147),
(58, 35, 9, 7, 8, 9, 5, 1, 219),
(59, 415, 9, 8, 10, 9, 7, 1, 32),
(60, 184, 9, 9, 5, 6, 7, 9, 51),
(61, 11, 9, 4, 5, 2, 8, 1, 20),
(62, 477, 8, 2, 4, 1, 7, 8, 77),
(63, 457, 7, 7, 5, 8, 6, 3, 103),
(64, 89, 2, 6, 5, 3, 8, 1, 172),
(65, 192, 7, 1, 4, 1, 5, 9, 158),
(66, 14, 9, 2, 5, 5, 1, 7, 149),
(67, 66, 7, 1, 10, 7, 5, 1, 11),
(68, 64, 3, 9, 10, 4, 5, 8, 186),
(69, 175, 6, 4, 5, 2, 10, 5, 129),
(70, 379, 6, 6, 2, 3, 6, 5, 160),
(71, 402, 9, 8, 10, 8, 4, 8, 154),
(72, 184, 3, 1, 2, 7, 5, 6, 51),
(73, 43, 6, 10, 7, 9, 9, 7, 162),
(74, 110, 5, 2, 1, 4, 3, 1, 36),
(75, 399, 10, 10, 1, 10, 7, 9, 46),
(76, 69, 5, 5, 1, 7, 9, 7, 218),
(77, 216, 4, 2, 1, 10, 6, 6, 9),
(78, 200, 9, 5, 6, 7, 8, 3, 138),
(79, 64, 6, 8, 8, 2, 2, 1, 186),
(80, 254, 3, 3, 1, 10, 6, 5, 13),
(81, 360, 2, 1, 6, 10, 10, 10, 220),
(82, 110, 1, 3, 2, 4, 1, 1, 36),
(83, 344, 10, 9, 9, 1, 4, 10, 196),
(84, 276, 1, 7, 3, 10, 2, 7, 215),
(85, 53, 2, 8, 9, 8, 8, 1, 93),
(86, 421, 2, 7, 7, 3, 4, 9, 195),
(87, 376, 3, 2, 1, 8, 10, 2, 222),
(88, 66, 5, 9, 9, 4, 3, 3, 11),
(89, 334, 10, 3, 7, 3, 10, 2, 35),
(90, 35, 2, 9, 1, 2, 1, 1, 219),
(91, 112, 8, 8, 2, 9, 10, 6, 34),
(92, 417, 8, 6, 2, 1, 5, 2, 212),
(93, 64, 8, 4, 9, 7, 10, 4, 79),
(94, 482, 9, 1, 9, 3, 4, 6, 88),
(95, 482, 9, 5, 7, 5, 7, 1, 88),
(96, 185, 10, 1, 2, 8, 10, 10, 173),
(97, 457, 4, 2, 7, 6, 4, 4, 45),
(98, 382, 3, 5, 3, 5, 1, 1, 49),
(99, 479, 3, 6, 9, 5, 4, 4, 225),
(100, 275, 7, 3, 5, 1, 5, 7, 224),
(101, 327, 6, 4, 7, 1, 9, 7, 208),
(102, 53, 6, 7, 10, 7, 1, 9, 93),
(103, 457, 6, 3, 4, 6, 1, 6, 103),
(104, 448, 8, 7, 3, 4, 9, 4, 89),
(105, 22, 8, 4, 2, 3, 3, 9, 48),
(106, 249, 4, 2, 8, 1, 5, 2, 54),
(107, 470, 6, 7, 1, 9, 2, 8, 50),
(108, 200, 3, 3, 1, 9, 8, 1, 82),
(109, 459, 3, 9, 1, 4, 9, 9, 204),
(110, 17, 4, 10, 8, 2, 5, 5, 228),
(111, 383, 9, 5, 10, 3, 2, 7, 148),
(112, 416, 5, 3, 5, 2, 7, 10, 95),
(113, 37, 5, 2, 6, 6, 9, 3, 165),
(114, 432, 4, 2, 6, 2, 1, 10, 5),
(115, 211, 4, 3, 6, 9, 7, 7, 193),
(116, 480, 6, 9, 6, 6, 4, 3, 123),
(117, 151, 3, 6, 4, 1, 1, 3, 236),
(118, 101, 3, 5, 3, 1, 7, 9, 207),
(119, 249, 9, 1, 6, 9, 10, 5, 54),
(120, 8, 8, 10, 6, 5, 2, 9, 161),
(121, 444, 1, 8, 4, 4, 8, 9, 168),
(122, 273, 8, 1, 3, 7, 3, 7, 98),
(123, 486, 4, 1, 6, 1, 7, 8, 74),
(124, 59, 6, 7, 10, 3, 5, 4, 139),
(125, 201, 10, 8, 1, 1, 4, 2, 43),
(126, 201, 4, 1, 10, 7, 7, 3, 191),
(127, 258, 4, 1, 2, 6, 8, 8, 1),
(128, 64, 4, 4, 5, 2, 5, 7, 79),
(129, 8, 1, 1, 2, 10, 4, 6, 161),
(130, 217, 1, 6, 8, 6, 2, 8, 190),
(131, 89, 4, 7, 8, 10, 3, 4, 172),
(132, 284, 2, 2, 8, 5, 9, 5, 232),
(133, 279, 2, 9, 6, 1, 1, 4, 64),
(134, 273, 8, 5, 5, 5, 2, 4, 98),
(135, 75, 5, 4, 1, 10, 6, 1, 19),
(136, 16, 7, 5, 9, 10, 2, 5, 55),
(137, 122, 9, 5, 5, 6, 2, 1, 248),
(138, 335, 6, 7, 1, 1, 7, 6, 109),
(139, 141, 9, 10, 10, 3, 9, 8, 92),
(140, 323, 6, 2, 9, 2, 9, 8, 126),
(141, 217, 7, 9, 2, 8, 5, 8, 190),
(142, 142, 6, 10, 7, 10, 8, 9, 140),
(143, 270, 3, 4, 8, 2, 5, 1, 127),
(144, 454, 1, 3, 10, 3, 5, 1, 59),
(145, 275, 10, 4, 9, 2, 2, 1, 224),
(146, 484, 7, 4, 6, 2, 4, 3, 174),
(147, 135, 5, 4, 7, 8, 1, 3, 157),
(148, 44, 6, 10, 5, 5, 1, 5, 114),
(149, 201, 1, 3, 9, 10, 3, 5, 43),
(150, 421, 5, 5, 9, 8, 9, 10, 195),
(151, 68, 4, 1, 8, 3, 10, 4, 170),
(152, 183, 10, 5, 3, 8, 5, 10, 14),
(153, 157, 3, 4, 3, 9, 6, 2, 176),
(154, 413, 1, 10, 5, 10, 10, 7, 10),
(155, 380, 8, 3, 4, 1, 10, 7, 65),
(156, 394, 7, 5, 8, 5, 9, 3, 125),
(157, 162, 2, 1, 6, 1, 4, 10, 108),
(158, 335, 4, 5, 2, 2, 5, 1, 109),
(159, 420, 2, 6, 9, 10, 3, 5, 70),
(160, 318, 10, 7, 7, 5, 3, 1, 227),
(161, 46, 9, 7, 1, 5, 4, 3, 39),
(162, 459, 5, 4, 5, 6, 9, 2, 206),
(163, 499, 2, 9, 5, 2, 8, 10, 78),
(164, 490, 2, 8, 7, 9, 2, 8, 249),
(165, 22, 2, 6, 9, 6, 5, 7, 48),
(166, 79, 7, 9, 3, 4, 8, 9, 152),
(167, 66, 8, 4, 3, 5, 2, 6, 11),
(168, 326, 4, 2, 10, 3, 5, 4, 180),
(169, 352, 7, 4, 4, 3, 2, 2, 128),
(170, 388, 1, 5, 1, 5, 5, 5, 155),
(171, 185, 9, 3, 10, 4, 6, 7, 173),
(172, 140, 3, 6, 3, 10, 5, 5, 214),
(173, 46, 1, 9, 3, 2, 5, 9, 39),
(174, 61, 9, 4, 6, 2, 4, 4, 29),
(175, 75, 1, 10, 8, 1, 1, 2, 19),
(176, 168, 8, 9, 10, 10, 4, 4, 30),
(177, 301, 5, 10, 6, 6, 3, 10, 111),
(178, 122, 3, 6, 6, 10, 7, 5, 248),
(179, 2, 4, 6, 7, 6, 7, 6, 81),
(180, 192, 7, 9, 3, 5, 1, 7, 158),
(181, 24, 1, 7, 7, 2, 5, 5, 115),
(182, 399, 5, 4, 3, 3, 6, 10, 46),
(183, 380, 4, 8, 10, 4, 5, 1, 65),
(184, 413, 6, 2, 4, 5, 7, 6, 10),
(185, 499, 5, 6, 9, 9, 3, 2, 23),
(186, 2, 9, 10, 10, 9, 2, 7, 230),
(187, 261, 3, 3, 5, 2, 5, 9, 198),
(188, 162, 7, 6, 9, 6, 7, 1, 108),
(189, 59, 9, 9, 3, 2, 8, 1, 139),
(190, 211, 7, 10, 10, 4, 4, 1, 250),
(191, 203, 6, 3, 2, 6, 4, 9, 246),
(192, 244, 3, 8, 5, 6, 10, 7, 223),
(193, 402, 5, 10, 3, 9, 4, 6, 154),
(194, 38, 3, 10, 4, 2, 5, 5, 2),
(195, 357, 5, 1, 2, 6, 3, 6, 178),
(196, 101, 9, 5, 4, 8, 10, 9, 207),
(197, 117, 7, 1, 6, 5, 10, 6, 130),
(198, 264, 5, 9, 5, 5, 1, 5, 90),
(199, 125, 10, 9, 6, 3, 4, 4, 188),
(200, 168, 2, 1, 8, 6, 10, 9, 30),
(201, 498, 10, 2, 3, 1, 3, 1, 210),
(202, 438, 2, 4, 9, 1, 9, 3, 181),
(203, 244, 2, 6, 10, 6, 2, 7, 223),
(204, 35, 3, 4, 10, 9, 2, 4, 219),
(205, 488, 4, 5, 9, 2, 7, 4, 25),
(206, 155, 5, 9, 7, 6, 9, 3, 8),
(207, 356, 8, 6, 6, 9, 2, 4, 76),
(208, 420, 4, 4, 4, 9, 6, 4, 70),
(209, 468, 10, 6, 3, 9, 2, 2, 247),
(210, 455, 5, 1, 1, 2, 2, 4, 56),
(211, 457, 4, 3, 8, 2, 8, 7, 103),
(212, 22, 5, 10, 3, 2, 9, 4, 48),
(213, 388, 9, 10, 4, 7, 1, 6, 155),
(214, 82, 3, 7, 1, 6, 8, 6, 185),
(215, 463, 10, 1, 2, 1, 6, 4, 189),
(216, 199, 9, 7, 7, 6, 5, 5, 106),
(217, 354, 3, 6, 6, 4, 4, 8, 83),
(218, 197, 3, 6, 2, 1, 6, 8, 240),
(219, 64, 5, 7, 9, 7, 9, 5, 79),
(220, 22, 10, 7, 2, 5, 6, 6, 133),
(221, 421, 8, 8, 9, 5, 2, 4, 195),
(222, 53, 3, 7, 8, 8, 7, 2, 243),
(223, 210, 5, 4, 7, 3, 10, 3, 241),
(224, 276, 10, 4, 6, 6, 9, 10, 215),
(225, 193, 1, 10, 1, 5, 8, 4, 159),
(226, 46, 6, 3, 3, 9, 5, 8, 39),
(227, 344, 1, 2, 3, 7, 1, 6, 196),
(228, 320, 6, 7, 9, 9, 5, 2, 141),
(229, 258, 1, 3, 9, 10, 4, 7, 1),
(230, 181, 6, 9, 2, 3, 9, 8, 113),
(231, 419, 10, 10, 8, 9, 6, 1, 124),
(232, 321, 10, 9, 7, 2, 3, 3, 62),
(233, 126, 2, 8, 10, 8, 10, 7, 136),
(234, 151, 9, 7, 6, 9, 6, 5, 236),
(235, 457, 10, 1, 5, 9, 7, 2, 45),
(236, 337, 9, 6, 3, 2, 8, 2, 117),
(237, 420, 9, 2, 5, 7, 2, 6, 73),
(238, 249, 4, 9, 4, 1, 2, 9, 54),
(239, 24, 1, 1, 8, 4, 6, 9, 115),
(240, 347, 4, 2, 10, 5, 1, 5, 58),
(241, 135, 6, 5, 6, 1, 5, 2, 57),
(242, 482, 1, 10, 7, 4, 3, 9, 100),
(243, 217, 9, 8, 8, 5, 2, 8, 190),
(244, 419, 4, 9, 8, 3, 9, 2, 124),
(245, 156, 1, 8, 6, 9, 7, 3, 183),
(246, 499, 1, 4, 7, 7, 6, 3, 78),
(247, 159, 10, 8, 6, 7, 6, 5, 15),
(248, 413, 4, 5, 9, 9, 4, 10, 22),
(249, 391, 2, 2, 10, 7, 10, 1, 199),
(250, 320, 2, 6, 5, 4, 6, 1, 141),
(251, 53, 6, 10, 2, 6, 8, 7, 243),
(252, 70, 8, 8, 5, 3, 9, 6, 187),
(253, 110, 6, 1, 2, 6, 8, 7, 36),
(254, 136, 6, 5, 3, 4, 5, 3, 245),
(255, 396, 8, 1, 7, 3, 3, 4, 211),
(256, 38, 1, 10, 2, 1, 4, 10, 2),
(257, 123, 9, 10, 3, 8, 6, 6, 61),
(258, 80, 10, 9, 10, 3, 6, 7, 197),
(259, 22, 10, 6, 5, 6, 6, 5, 133),
(260, 64, 10, 6, 3, 3, 10, 8, 79),
(261, 487, 1, 2, 6, 6, 8, 5, 242),
(262, 454, 2, 1, 8, 6, 2, 9, 59),
(263, 22, 4, 10, 8, 10, 9, 6, 48),
(264, 249, 5, 10, 8, 8, 4, 6, 54),
(265, 356, 2, 6, 7, 8, 1, 8, 76),
(266, 477, 7, 8, 7, 3, 9, 2, 77),
(267, 394, 5, 10, 10, 1, 4, 4, 53),
(268, 64, 3, 6, 8, 2, 9, 5, 79),
(269, 318, 5, 7, 8, 5, 1, 10, 227),
(270, 174, 9, 2, 1, 8, 3, 4, 84),
(271, 417, 3, 3, 10, 10, 2, 3, 212),
(272, 284, 10, 10, 9, 6, 4, 9, 232),
(273, 126, 7, 8, 4, 6, 2, 10, 136),
(274, 352, 2, 8, 6, 6, 7, 9, 128),
(275, 454, 2, 9, 5, 3, 8, 1, 59),
(276, 358, 2, 1, 7, 5, 3, 8, 94),
(277, 61, 5, 9, 5, 6, 1, 3, 169),
(278, 358, 5, 9, 10, 4, 5, 7, 94),
(279, 491, 9, 5, 2, 2, 4, 5, 105),
(280, 116, 1, 4, 8, 2, 8, 2, 33),
(281, 62, 9, 7, 5, 1, 3, 3, 102),
(282, 281, 3, 4, 3, 8, 2, 1, 226),
(283, 46, 2, 1, 1, 9, 10, 2, 39),
(284, 457, 6, 1, 7, 9, 1, 1, 45),
(285, 53, 1, 2, 3, 6, 1, 10, 93),
(286, 69, 5, 10, 3, 1, 6, 6, 218),
(287, 12, 2, 4, 2, 9, 4, 10, 156),
(288, 455, 3, 9, 8, 7, 7, 9, 56),
(289, 415, 7, 5, 10, 4, 4, 8, 32),
(290, 143, 10, 10, 5, 7, 6, 7, 192),
(291, 82, 10, 1, 10, 8, 3, 2, 185),
(292, 393, 10, 5, 3, 4, 9, 4, 31),
(293, 363, 10, 2, 9, 5, 4, 4, 234),
(294, 45, 9, 3, 10, 1, 2, 3, 96),
(295, 468, 10, 3, 10, 9, 1, 1, 247),
(296, 162, 7, 8, 1, 2, 8, 10, 108),
(297, 323, 9, 8, 6, 1, 1, 9, 126),
(298, 368, 8, 8, 9, 2, 3, 4, 167),
(299, 383, 10, 8, 4, 5, 6, 1, 148),
(300, 396, 9, 7, 4, 5, 1, 1, 211),
(301, 335, 7, 1, 1, 1, 4, 7, 109),
(302, 394, 8, 2, 4, 4, 8, 6, 53),
(303, 448, 4, 9, 8, 2, 1, 7, 89),
(304, 146, 1, 6, 6, 8, 6, 10, 27),
(305, 484, 8, 7, 3, 10, 2, 2, 174),
(306, 66, 5, 7, 2, 7, 4, 8, 11),
(307, 222, 2, 9, 6, 3, 8, 1, 52),
(308, 37, 3, 5, 6, 9, 3, 3, 164),
(309, 368, 9, 3, 9, 10, 6, 4, 167),
(310, 203, 4, 3, 8, 6, 2, 10, 246),
(311, 458, 6, 4, 9, 7, 5, 10, 28),
(312, 170, 3, 5, 6, 4, 10, 8, 143),
(313, 448, 1, 4, 8, 2, 7, 9, 89),
(314, 143, 8, 1, 8, 6, 5, 1, 192),
(315, 337, 3, 3, 1, 5, 5, 10, 117),
(316, 180, 3, 3, 1, 8, 4, 8, 104),
(317, 420, 1, 10, 8, 7, 9, 4, 70),
(318, 482, 4, 1, 4, 8, 4, 4, 100),
(319, 318, 8, 3, 3, 2, 4, 9, 227),
(320, 356, 2, 5, 6, 1, 8, 5, 76),
(321, 448, 4, 8, 4, 10, 4, 3, 89),
(322, 57, 5, 4, 9, 4, 5, 2, 209),
(323, 413, 8, 7, 6, 7, 10, 1, 22),
(324, 436, 7, 7, 9, 8, 5, 7, 200),
(325, 184, 6, 5, 6, 3, 8, 9, 51),
(326, 277, 10, 9, 1, 8, 10, 9, 18),
(327, 258, 6, 5, 7, 3, 8, 2, 1),
(328, 52, 3, 5, 10, 4, 6, 9, 21),
(329, 484, 7, 4, 7, 7, 9, 4, 174),
(330, 320, 7, 7, 2, 10, 3, 6, 141),
(331, 244, 2, 8, 8, 5, 3, 1, 223),
(332, 447, 2, 8, 2, 1, 5, 8, 69),
(333, 477, 4, 8, 3, 2, 9, 2, 177),
(334, 320, 5, 10, 10, 5, 1, 3, 141),
(335, 143, 6, 1, 3, 1, 8, 3, 192),
(336, 17, 6, 7, 9, 4, 10, 1, 228),
(337, 200, 10, 2, 3, 2, 10, 5, 138),
(338, 457, 10, 9, 2, 3, 3, 3, 103),
(339, 363, 10, 6, 5, 4, 1, 8, 234),
(340, 420, 10, 3, 5, 10, 6, 4, 70),
(341, 410, 4, 4, 8, 5, 7, 9, 47),
(342, 135, 5, 5, 9, 4, 8, 9, 157),
(343, 440, 1, 3, 7, 2, 5, 8, 6),
(344, 353, 8, 7, 3, 8, 9, 1, 4),
(345, 438, 8, 9, 2, 1, 2, 2, 181),
(346, 2, 8, 2, 8, 6, 5, 8, 230),
(347, 368, 4, 1, 7, 6, 5, 7, 167),
(348, 442, 2, 9, 8, 10, 1, 9, 42),
(349, 22, 7, 8, 4, 7, 6, 4, 48),
(350, 483, 9, 8, 8, 1, 4, 3, 26),
(351, 102, 8, 3, 3, 2, 8, 2, 44),
(352, 156, 4, 1, 2, 2, 1, 7, 183),
(353, 80, 2, 4, 2, 8, 4, 7, 197),
(354, 357, 2, 8, 1, 3, 4, 7, 178),
(355, 75, 7, 6, 8, 2, 10, 8, 19),
(356, 170, 10, 4, 4, 5, 10, 3, 143),
(357, 263, 5, 8, 8, 7, 3, 1, 182),
(358, 244, 6, 5, 1, 4, 7, 9, 223),
(359, 175, 7, 3, 3, 8, 7, 2, 129),
(360, 24, 5, 4, 8, 5, 8, 6, 115),
(361, 158, 1, 1, 10, 2, 8, 4, 132),
(362, 354, 4, 5, 8, 10, 2, 3, 83),
(363, 193, 3, 2, 4, 2, 6, 2, 159),
(364, 172, 5, 7, 2, 5, 8, 9, 203),
(365, 406, 1, 5, 6, 10, 9, 3, 221),
(366, 360, 3, 10, 6, 2, 7, 3, 220),
(367, 136, 6, 9, 3, 9, 3, 7, 245),
(368, 228, 7, 7, 5, 8, 8, 5, 80),
(369, 2, 10, 9, 8, 1, 9, 2, 230),
(370, 322, 5, 2, 7, 8, 2, 1, 244),
(371, 170, 2, 10, 10, 2, 6, 10, 143),
(372, 270, 5, 7, 6, 3, 6, 5, 91),
(373, 334, 6, 9, 7, 5, 9, 9, 35),
(374, 142, 1, 3, 7, 3, 4, 7, 140),
(375, 483, 4, 9, 3, 6, 10, 5, 26),
(376, 420, 9, 1, 1, 9, 4, 3, 70),
(377, 157, 7, 6, 2, 9, 4, 2, 176),
(378, 197, 2, 5, 1, 3, 10, 5, 240),
(379, 198, 4, 7, 6, 9, 6, 2, 110),
(380, 168, 2, 10, 9, 5, 1, 6, 30),
(381, 53, 8, 5, 8, 2, 7, 7, 93),
(382, 379, 6, 5, 5, 10, 5, 3, 160),
(383, 172, 7, 3, 8, 8, 6, 5, 203),
(384, 367, 8, 10, 9, 8, 8, 4, 118),
(385, 143, 4, 7, 3, 6, 10, 9, 192),
(386, 40, 4, 8, 8, 4, 5, 1, 135),
(387, 459, 7, 3, 6, 7, 7, 3, 206),
(388, 228, 5, 3, 5, 3, 6, 8, 80),
(389, 406, 10, 3, 1, 7, 7, 3, 221),
(390, 254, 10, 10, 2, 5, 10, 1, 13),
(391, 499, 3, 2, 4, 9, 3, 7, 78),
(392, 241, 10, 3, 10, 2, 7, 5, 163),
(393, 44, 5, 9, 6, 4, 5, 3, 114),
(394, 261, 6, 3, 2, 5, 6, 9, 198),
(395, 44, 1, 5, 9, 5, 5, 8, 114),
(396, 491, 8, 4, 6, 8, 9, 8, 105),
(397, 241, 3, 3, 1, 5, 8, 7, 163),
(398, 322, 10, 4, 4, 2, 7, 1, 244),
(399, 459, 3, 5, 1, 9, 3, 8, 206),
(400, 17, 9, 7, 1, 3, 5, 10, 228),
(401, 492, 5, 1, 10, 2, 9, 10, 237),
(402, 47, 1, 2, 6, 7, 6, 1, 146),
(403, 60, 4, 9, 10, 7, 6, 10, 41),
(404, 2, 6, 1, 8, 10, 9, 1, 81),
(405, 393, 2, 6, 7, 2, 3, 9, 31),
(406, 157, 1, 10, 3, 3, 4, 6, 176),
(407, 194, 1, 2, 8, 9, 10, 2, 40),
(408, 261, 3, 9, 9, 8, 7, 6, 198),
(409, 184, 10, 10, 8, 5, 4, 2, 229),
(410, 195, 2, 1, 8, 6, 5, 6, 239),
(411, 141, 9, 6, 7, 2, 5, 4, 92),
(412, 116, 2, 8, 8, 1, 4, 3, 33),
(413, 146, 4, 8, 3, 2, 10, 6, 24),
(414, 168, 8, 2, 9, 8, 8, 3, 30),
(415, 64, 7, 2, 5, 10, 6, 6, 79),
(416, 391, 6, 5, 7, 6, 6, 9, 199),
(417, 468, 8, 10, 5, 3, 5, 1, 247),
(418, 168, 8, 3, 8, 9, 8, 2, 30),
(419, 440, 10, 6, 9, 6, 10, 6, 6),
(420, 344, 7, 9, 9, 6, 2, 3, 196),
(421, 240, 1, 1, 9, 9, 4, 6, 37),
(422, 480, 10, 1, 5, 8, 1, 2, 123),
(423, 442, 10, 2, 6, 1, 3, 2, 42),
(424, 244, 10, 10, 5, 10, 4, 4, 223),
(425, 196, 9, 5, 3, 1, 1, 4, 99),
(426, 416, 9, 2, 7, 3, 10, 10, 95),
(427, 184, 2, 9, 4, 2, 8, 4, 3),
(428, 461, 10, 9, 4, 3, 6, 3, 145),
(429, 80, 6, 5, 2, 9, 9, 4, 197),
(430, 487, 2, 9, 10, 9, 3, 3, 242),
(431, 61, 8, 2, 4, 1, 3, 3, 29),
(432, 335, 2, 7, 2, 5, 4, 2, 109),
(433, 123, 3, 5, 7, 3, 7, 5, 61),
(434, 379, 3, 6, 3, 4, 6, 4, 160),
(435, 354, 8, 4, 7, 5, 8, 8, 83),
(436, 62, 7, 2, 2, 2, 1, 2, 102),
(437, 23, 7, 5, 6, 8, 5, 9, 122),
(438, 201, 3, 8, 3, 10, 2, 4, 191),
(439, 359, 1, 7, 5, 1, 1, 9, 231),
(440, 264, 2, 5, 4, 8, 5, 10, 90),
(441, 454, 6, 9, 1, 6, 5, 1, 59),
(442, 388, 4, 10, 5, 3, 9, 9, 155),
(443, 110, 8, 1, 10, 8, 7, 6, 17),
(444, 146, 2, 2, 2, 9, 4, 9, 27),
(445, 23, 9, 7, 10, 8, 2, 6, 38),
(446, 201, 3, 4, 7, 10, 1, 5, 43),
(447, 23, 8, 5, 3, 6, 1, 8, 122),
(448, 359, 6, 4, 3, 8, 7, 10, 231),
(449, 125, 9, 8, 10, 4, 3, 6, 68),
(450, 284, 10, 6, 6, 4, 7, 8, 232),
(451, 151, 3, 7, 5, 10, 10, 8, 236),
(452, 263, 4, 6, 6, 7, 7, 5, 147),
(453, 37, 1, 10, 2, 4, 4, 6, 164),
(454, 162, 7, 10, 6, 5, 4, 3, 235),
(455, 463, 3, 5, 8, 8, 8, 9, 189),
(456, 35, 1, 10, 10, 7, 5, 1, 219),
(457, 482, 3, 10, 4, 8, 8, 8, 88),
(458, 37, 10, 8, 6, 9, 10, 6, 164),
(459, 61, 8, 2, 2, 8, 9, 5, 169),
(460, 455, 7, 3, 1, 10, 4, 2, 56),
(461, 57, 8, 2, 9, 6, 10, 4, 121),
(462, 59, 7, 5, 8, 1, 5, 6, 139),
(463, 468, 6, 10, 3, 7, 7, 10, 247),
(464, 335, 7, 9, 5, 1, 8, 5, 194),
(465, 254, 4, 9, 9, 7, 10, 2, 13),
(466, 294, 2, 7, 4, 9, 4, 4, 216),
(467, 110, 1, 4, 9, 7, 4, 3, 36),
(468, 459, 9, 8, 2, 10, 4, 7, 206),
(469, 9, 2, 9, 1, 3, 9, 8, 153),
(470, 2, 4, 4, 6, 3, 6, 7, 230),
(471, 125, 5, 8, 1, 2, 3, 2, 188),
(472, 327, 3, 10, 10, 9, 4, 10, 208),
(473, 463, 10, 4, 2, 6, 1, 6, 189),
(474, 410, 5, 8, 8, 6, 5, 10, 47),
(475, 203, 3, 5, 10, 3, 1, 10, 246),
(476, 487, 8, 2, 5, 8, 2, 5, 242),
(477, 43, 10, 10, 9, 1, 1, 8, 162),
(478, 8, 9, 4, 8, 1, 1, 7, 161),
(479, 38, 5, 5, 6, 8, 3, 1, 201),
(480, 420, 5, 1, 1, 9, 3, 9, 73),
(481, 122, 2, 6, 2, 1, 7, 2, 248),
(482, 284, 2, 2, 8, 9, 9, 7, 232),
(483, 367, 1, 3, 3, 2, 10, 9, 118),
(484, 140, 3, 1, 2, 7, 7, 5, 214),
(485, 327, 3, 7, 3, 10, 5, 3, 208),
(486, 123, 3, 8, 9, 1, 10, 4, 61),
(487, 23, 7, 8, 4, 4, 5, 4, 38),
(488, 141, 5, 6, 1, 2, 9, 6, 92),
(489, 436, 7, 8, 5, 5, 6, 7, 200),
(490, 337, 6, 8, 7, 2, 3, 2, 117),
(491, 17, 8, 4, 6, 4, 7, 5, 228),
(492, 277, 10, 7, 10, 4, 9, 8, 18),
(493, 142, 1, 9, 4, 9, 1, 6, 140),
(494, 125, 5, 9, 10, 2, 8, 9, 188),
(495, 137, 7, 10, 9, 9, 5, 4, 87),
(496, 136, 9, 8, 2, 6, 8, 9, 245),
(497, 61, 7, 6, 9, 2, 5, 9, 169),
(498, 162, 3, 9, 9, 3, 4, 7, 235),
(499, 219, 9, 9, 6, 5, 5, 6, 202),
(500, 399, 9, 6, 6, 10, 2, 3, 46),
(501, 280, 9, 8, 8, 8, 1, 1, 86),
(502, 335, 6, 3, 9, 10, 2, 4, 109),
(503, 186, 3, 10, 1, 6, 6, 10, 238),
(504, 326, 6, 8, 5, 8, 10, 6, 180),
(505, 102, 8, 8, 5, 4, 4, 5, 44),
(506, 241, 7, 5, 6, 4, 9, 10, 163),
(507, 254, 4, 5, 5, 9, 9, 6, 13),
(508, 294, 6, 5, 1, 1, 8, 1, 216),
(509, 241, 8, 1, 7, 1, 1, 4, 163),
(510, 29, 4, 9, 5, 10, 5, 7, 60),
(511, 184, 2, 8, 6, 5, 5, 5, 3),
(512, 273, 7, 3, 3, 2, 3, 6, 98),
(513, 211, 7, 7, 1, 5, 3, 7, 193),
(514, 454, 9, 3, 9, 8, 1, 3, 59),
(515, 175, 5, 10, 6, 7, 3, 9, 129),
(516, 284, 2, 9, 2, 6, 3, 3, 232),
(517, 391, 9, 10, 1, 3, 10, 10, 199),
(518, 301, 8, 10, 1, 5, 8, 3, 111),
(519, 363, 4, 7, 3, 4, 6, 10, 234),
(520, 376, 4, 3, 9, 9, 7, 7, 222),
(521, 101, 2, 8, 4, 3, 6, 1, 207),
(522, 200, 3, 6, 8, 9, 1, 6, 82),
(523, 499, 8, 3, 10, 5, 7, 3, 78),
(524, 75, 4, 9, 8, 10, 4, 6, 19),
(525, 448, 6, 5, 4, 3, 9, 2, 89),
(526, 263, 1, 8, 5, 5, 10, 7, 120),
(527, 219, 8, 9, 8, 1, 4, 5, 202),
(528, 23, 9, 3, 3, 4, 3, 9, 38),
(529, 365, 5, 9, 6, 6, 9, 2, 119),
(530, 365, 8, 6, 1, 2, 6, 6, 119),
(531, 327, 2, 5, 4, 7, 2, 5, 208),
(532, 125, 8, 8, 1, 4, 7, 3, 68),
(533, 168, 2, 6, 1, 7, 4, 4, 30),
(534, 380, 6, 9, 1, 7, 2, 2, 65),
(535, 125, 9, 7, 5, 1, 4, 5, 68),
(536, 263, 5, 8, 9, 2, 10, 6, 182),
(537, 180, 7, 2, 7, 7, 5, 8, 104),
(538, 135, 3, 6, 2, 3, 9, 8, 57),
(539, 413, 1, 3, 5, 7, 1, 4, 175),
(540, 263, 7, 9, 6, 1, 2, 6, 182),
(541, 496, 3, 4, 4, 10, 3, 3, 134),
(542, 217, 2, 8, 6, 10, 4, 3, 190),
(543, 195, 7, 6, 7, 9, 5, 5, 239),
(544, 322, 9, 5, 1, 8, 2, 3, 244),
(545, 241, 5, 7, 10, 5, 3, 1, 163),
(546, 432, 10, 7, 10, 9, 8, 1, 5),
(547, 163, 10, 10, 2, 3, 3, 8, 85),
(548, 140, 10, 5, 3, 2, 5, 8, 214),
(549, 162, 3, 9, 10, 1, 8, 10, 108),
(550, 44, 7, 9, 6, 5, 4, 4, 114),
(551, 352, 9, 5, 1, 10, 9, 2, 128),
(552, 202, 6, 4, 7, 10, 3, 2, 116),
(553, 415, 9, 2, 6, 4, 10, 3, 32),
(554, 334, 1, 2, 9, 10, 9, 8, 35),
(555, 393, 8, 8, 6, 8, 3, 3, 31),
(556, 459, 8, 9, 2, 1, 1, 4, 217),
(557, 436, 1, 4, 7, 5, 5, 1, 200),
(558, 102, 8, 5, 1, 3, 8, 10, 44),
(559, 380, 4, 1, 4, 5, 5, 1, 65),
(560, 35, 4, 10, 6, 6, 9, 2, 219),
(561, 194, 10, 8, 10, 7, 9, 1, 40),
(562, 64, 10, 2, 9, 2, 3, 9, 186),
(563, 110, 6, 10, 4, 3, 3, 3, 17),
(564, 79, 9, 10, 3, 3, 5, 6, 152),
(565, 362, 6, 1, 3, 8, 2, 4, 7),
(566, 382, 4, 8, 7, 7, 8, 2, 49),
(567, 222, 6, 3, 4, 2, 2, 7, 52),
(568, 496, 3, 4, 5, 1, 5, 4, 134),
(569, 184, 5, 6, 4, 3, 3, 6, 229),
(570, 61, 7, 5, 7, 4, 3, 8, 169),
(571, 56, 2, 8, 6, 1, 5, 2, 72),
(572, 64, 3, 7, 7, 8, 2, 6, 186),
(573, 201, 10, 5, 6, 10, 3, 1, 191),
(574, 24, 3, 7, 7, 1, 2, 2, 115),
(575, 22, 2, 1, 5, 4, 6, 2, 48),
(576, 162, 10, 6, 2, 3, 5, 2, 108),
(577, 69, 10, 1, 4, 5, 1, 5, 218),
(578, 69, 8, 5, 9, 1, 5, 4, 218),
(579, 254, 2, 10, 4, 8, 5, 10, 13),
(580, 487, 6, 8, 9, 6, 6, 1, 242),
(581, 195, 8, 3, 9, 6, 9, 6, 239),
(582, 355, 10, 5, 9, 3, 10, 7, 12),
(583, 181, 9, 7, 7, 4, 7, 9, 113),
(584, 392, 1, 1, 4, 8, 6, 2, 66),
(585, 391, 9, 4, 1, 8, 4, 5, 199),
(586, 211, 1, 1, 7, 3, 6, 5, 250),
(587, 457, 10, 4, 2, 3, 8, 6, 45),
(588, 421, 7, 9, 9, 9, 5, 8, 195),
(589, 447, 10, 2, 4, 5, 3, 4, 69),
(590, 194, 9, 8, 10, 6, 2, 7, 40),
(591, 140, 1, 10, 9, 7, 1, 1, 214),
(592, 56, 4, 7, 6, 5, 9, 3, 72),
(593, 270, 1, 4, 9, 2, 2, 5, 91),
(594, 388, 2, 6, 1, 5, 10, 4, 155),
(595, 151, 3, 8, 1, 1, 8, 7, 236),
(596, 39, 1, 5, 6, 10, 3, 3, 67),
(597, 180, 4, 3, 6, 7, 2, 8, 104),
(598, 126, 9, 4, 10, 6, 9, 8, 136),
(599, 174, 6, 7, 2, 9, 7, 4, 84),
(600, 402, 10, 4, 2, 1, 8, 4, 154),
(601, 192, 2, 2, 3, 8, 4, 8, 184),
(602, 323, 5, 4, 3, 1, 7, 5, 126),
(603, 334, 10, 6, 2, 10, 8, 2, 97),
(604, 455, 5, 5, 6, 4, 5, 4, 56),
(605, 2, 2, 10, 3, 4, 3, 6, 230),
(606, 321, 9, 8, 3, 9, 2, 1, 62),
(607, 44, 4, 7, 9, 8, 3, 4, 114),
(608, 263, 2, 1, 3, 7, 5, 8, 147),
(609, 413, 9, 8, 7, 8, 2, 7, 175),
(610, 163, 6, 2, 7, 7, 9, 7, 85),
(611, 196, 4, 2, 6, 3, 1, 8, 99),
(612, 159, 8, 6, 7, 4, 6, 9, 15),
(613, 402, 7, 8, 7, 6, 7, 10, 171),
(614, 2, 10, 4, 7, 7, 4, 4, 81),
(615, 172, 9, 2, 4, 2, 8, 2, 203),
(616, 376, 5, 8, 4, 3, 4, 4, 222),
(617, 444, 8, 7, 10, 7, 1, 9, 168),
(618, 335, 10, 6, 8, 2, 9, 3, 205),
(619, 275, 5, 2, 9, 4, 7, 8, 224),
(620, 335, 9, 5, 2, 9, 4, 10, 205),
(621, 158, 9, 7, 9, 7, 6, 2, 132),
(622, 125, 10, 9, 2, 9, 2, 2, 68),
(623, 399, 4, 9, 4, 10, 6, 6, 46),
(624, 263, 5, 8, 5, 6, 1, 10, 147),
(625, 201, 7, 10, 3, 9, 8, 7, 191),
(626, 198, 1, 7, 8, 5, 4, 1, 110),
(627, 498, 9, 9, 4, 2, 7, 1, 210),
(628, 396, 7, 5, 7, 3, 6, 6, 211),
(629, 322, 2, 8, 1, 10, 2, 2, 244),
(630, 362, 2, 10, 8, 7, 2, 3, 7),
(631, 383, 3, 5, 3, 10, 4, 10, 148),
(632, 354, 4, 1, 9, 8, 8, 2, 83),
(633, 62, 2, 1, 3, 7, 9, 2, 102),
(634, 394, 5, 1, 7, 8, 5, 8, 125),
(635, 203, 8, 7, 5, 1, 2, 9, 246),
(636, 479, 7, 3, 7, 5, 6, 9, 225),
(637, 162, 7, 1, 4, 3, 8, 10, 235),
(638, 360, 4, 1, 6, 2, 9, 9, 220),
(639, 391, 2, 6, 2, 7, 5, 1, 199),
(640, 432, 2, 2, 3, 9, 2, 10, 5),
(641, 258, 8, 6, 7, 8, 5, 7, 1),
(642, 419, 8, 10, 5, 9, 6, 3, 124),
(643, 123, 7, 3, 6, 10, 1, 9, 61),
(644, 444, 3, 3, 1, 8, 2, 4, 101),
(645, 363, 10, 7, 10, 8, 5, 2, 234),
(646, 52, 2, 8, 7, 3, 10, 7, 21),
(647, 200, 9, 2, 4, 6, 8, 6, 138),
(648, 75, 10, 9, 7, 1, 1, 9, 19),
(649, 334, 7, 6, 10, 5, 4, 4, 97),
(650, 136, 1, 4, 10, 5, 10, 6, 245),
(651, 318, 3, 6, 4, 7, 4, 2, 227),
(652, 2, 4, 5, 1, 8, 5, 3, 230),
(653, 184, 10, 2, 2, 7, 4, 8, 3),
(654, 24, 4, 4, 4, 8, 6, 10, 115),
(655, 359, 9, 5, 1, 2, 7, 8, 231),
(656, 322, 2, 3, 2, 3, 7, 7, 244),
(657, 410, 7, 6, 8, 4, 6, 2, 47),
(658, 436, 1, 2, 2, 5, 3, 8, 200),
(659, 216, 3, 10, 7, 7, 3, 10, 9),
(660, 129, 5, 10, 8, 1, 6, 5, 137),
(661, 184, 7, 10, 2, 2, 6, 9, 3),
(662, 125, 3, 1, 1, 4, 3, 8, 188),
(663, 352, 6, 6, 6, 3, 7, 10, 128),
(664, 240, 2, 5, 10, 10, 1, 4, 37),
(665, 394, 9, 7, 5, 5, 7, 9, 125),
(666, 60, 9, 3, 5, 8, 8, 8, 41),
(667, 463, 10, 2, 3, 10, 10, 3, 189),
(668, 37, 9, 9, 9, 3, 1, 5, 164),
(669, 470, 2, 2, 7, 9, 1, 1, 50),
(670, 365, 10, 1, 5, 8, 5, 7, 119),
(671, 123, 6, 6, 2, 7, 5, 8, 61),
(672, 480, 10, 2, 4, 5, 8, 3, 123),
(673, 217, 9, 6, 1, 3, 8, 6, 190),
(674, 62, 9, 1, 8, 10, 6, 9, 102),
(675, 181, 6, 4, 1, 6, 5, 7, 113),
(676, 438, 8, 3, 1, 9, 9, 2, 112),
(677, 363, 1, 5, 7, 2, 2, 1, 234),
(678, 368, 10, 6, 2, 2, 10, 9, 167),
(679, 440, 10, 1, 8, 7, 6, 10, 6),
(680, 158, 8, 3, 6, 4, 10, 6, 132),
(681, 184, 4, 6, 2, 7, 6, 6, 51),
(682, 483, 3, 10, 10, 3, 4, 8, 26),
(683, 185, 9, 6, 5, 6, 1, 10, 173),
(684, 402, 8, 5, 5, 7, 1, 4, 171),
(685, 365, 9, 10, 2, 2, 2, 7, 119),
(686, 499, 10, 4, 6, 8, 9, 4, 23),
(687, 157, 6, 9, 10, 3, 2, 8, 176),
(688, 416, 3, 7, 3, 9, 1, 10, 95),
(689, 62, 10, 4, 5, 10, 10, 7, 102),
(690, 157, 10, 7, 5, 8, 6, 7, 176),
(691, 399, 8, 9, 1, 5, 2, 1, 46),
(692, 60, 1, 7, 3, 3, 5, 1, 41),
(693, 181, 2, 7, 8, 1, 1, 7, 113),
(694, 219, 1, 7, 7, 6, 9, 7, 202),
(695, 482, 8, 1, 5, 7, 4, 4, 88),
(696, 44, 8, 1, 8, 3, 6, 10, 114),
(697, 184, 9, 10, 3, 1, 7, 1, 3),
(698, 211, 2, 4, 3, 4, 1, 10, 193),
(699, 37, 8, 8, 3, 4, 4, 2, 164),
(700, 383, 9, 8, 1, 2, 4, 1, 148),
(701, 82, 3, 9, 4, 8, 1, 5, 185),
(702, 241, 5, 5, 9, 10, 1, 4, 163),
(703, 155, 9, 1, 10, 3, 5, 4, 8),
(704, 40, 2, 8, 7, 6, 10, 7, 135),
(705, 29, 10, 2, 8, 5, 2, 7, 60),
(706, 356, 5, 1, 8, 2, 2, 9, 76),
(707, 198, 9, 6, 9, 1, 6, 5, 110),
(708, 159, 3, 2, 5, 7, 7, 2, 15),
(709, 68, 4, 2, 5, 5, 7, 5, 170),
(710, 180, 8, 1, 6, 8, 3, 7, 104),
(711, 62, 5, 10, 6, 3, 3, 5, 102),
(712, 359, 6, 5, 1, 1, 10, 8, 231),
(713, 380, 3, 3, 5, 2, 6, 9, 65),
(714, 201, 1, 5, 9, 9, 3, 7, 43),
(715, 192, 3, 10, 3, 8, 4, 1, 158),
(716, 261, 8, 7, 7, 7, 1, 3, 198),
(717, 261, 8, 10, 3, 7, 5, 9, 198),
(718, 277, 8, 6, 3, 5, 2, 6, 18),
(719, 263, 9, 2, 4, 10, 5, 9, 120),
(720, 122, 2, 8, 7, 7, 7, 9, 248),
(721, 491, 7, 2, 1, 1, 2, 8, 105),
(722, 157, 6, 10, 5, 1, 2, 7, 176),
(723, 240, 9, 7, 10, 3, 5, 4, 37),
(724, 365, 6, 3, 5, 9, 2, 2, 119),
(725, 279, 1, 5, 9, 6, 1, 4, 64),
(726, 12, 4, 3, 10, 5, 5, 2, 156),
(727, 413, 10, 4, 3, 2, 3, 4, 10),
(728, 75, 4, 7, 9, 8, 7, 2, 19),
(729, 142, 7, 9, 3, 1, 3, 4, 140),
(730, 352, 4, 8, 5, 7, 2, 6, 128),
(731, 142, 3, 7, 8, 7, 3, 9, 140),
(732, 37, 8, 7, 4, 7, 8, 3, 165),
(733, 125, 10, 10, 2, 7, 1, 2, 188),
(734, 135, 7, 6, 7, 6, 5, 8, 57),
(735, 29, 3, 7, 8, 4, 6, 4, 60),
(736, 440, 9, 8, 3, 5, 6, 5, 6),
(737, 301, 5, 1, 6, 1, 9, 5, 111),
(738, 367, 8, 6, 1, 2, 9, 5, 118),
(739, 320, 5, 2, 9, 8, 9, 1, 141),
(740, 438, 2, 3, 3, 6, 1, 4, 112),
(741, 101, 10, 9, 2, 4, 4, 10, 207),
(742, 102, 7, 1, 2, 9, 6, 1, 44),
(743, 126, 8, 5, 10, 8, 5, 1, 136),
(744, 14, 3, 7, 1, 10, 9, 6, 149),
(745, 392, 3, 10, 5, 3, 3, 8, 66),
(746, 103, 2, 4, 3, 6, 10, 9, 107),
(747, 56, 10, 5, 10, 8, 2, 3, 72),
(748, 45, 2, 9, 7, 5, 10, 9, 96),
(749, 228, 8, 1, 9, 9, 6, 8, 80),
(750, 126, 6, 8, 2, 3, 9, 5, 136),
(751, 367, 4, 7, 7, 5, 8, 1, 118),
(752, 380, 1, 9, 2, 2, 7, 4, 65),
(753, 185, 10, 2, 10, 6, 4, 7, 63),
(754, 413, 1, 4, 2, 7, 10, 5, 10),
(755, 228, 8, 6, 2, 1, 5, 4, 80),
(756, 439, 6, 10, 2, 5, 8, 10, 151),
(757, 376, 9, 3, 10, 7, 9, 2, 222),
(758, 110, 4, 1, 7, 2, 6, 5, 17),
(759, 353, 4, 4, 5, 10, 5, 1, 4),
(760, 79, 5, 6, 2, 8, 8, 4, 152),
(761, 140, 8, 2, 1, 4, 10, 7, 214),
(762, 402, 9, 3, 4, 5, 4, 9, 171),
(763, 38, 3, 6, 3, 8, 2, 4, 2),
(764, 23, 2, 6, 3, 9, 3, 8, 122),
(765, 301, 10, 7, 4, 1, 4, 5, 111),
(766, 59, 6, 2, 8, 1, 9, 8, 139),
(767, 402, 8, 10, 4, 7, 3, 9, 171),
(768, 281, 6, 10, 2, 9, 4, 10, 226),
(769, 24, 5, 5, 9, 7, 6, 5, 115),
(770, 64, 10, 8, 5, 10, 10, 5, 186),
(771, 240, 6, 5, 9, 10, 7, 4, 37),
(772, 470, 4, 3, 4, 3, 1, 9, 50),
(773, 158, 10, 2, 5, 8, 6, 1, 132),
(774, 415, 4, 6, 8, 10, 1, 5, 32),
(775, 185, 4, 8, 6, 9, 8, 10, 173),
(776, 198, 9, 2, 8, 8, 10, 6, 110),
(777, 240, 9, 2, 8, 8, 8, 3, 37),
(778, 52, 9, 10, 9, 5, 10, 2, 21),
(779, 391, 8, 1, 1, 3, 1, 1, 199),
(780, 270, 9, 5, 3, 2, 1, 9, 91),
(781, 439, 6, 3, 4, 9, 10, 5, 151),
(782, 413, 1, 6, 5, 1, 8, 1, 22),
(783, 37, 2, 4, 7, 10, 4, 10, 165),
(784, 335, 4, 1, 8, 10, 5, 1, 194),
(785, 432, 4, 8, 8, 6, 9, 3, 5),
(786, 45, 4, 7, 8, 5, 1, 1, 96),
(787, 376, 7, 6, 7, 4, 5, 9, 222),
(788, 61, 4, 8, 10, 9, 10, 9, 29),
(789, 334, 6, 3, 10, 3, 8, 10, 35),
(790, 57, 3, 3, 3, 6, 4, 8, 121),
(791, 200, 7, 2, 7, 9, 4, 6, 82),
(792, 320, 4, 1, 1, 5, 6, 1, 141),
(793, 496, 5, 2, 2, 7, 7, 5, 134),
(794, 47, 5, 2, 7, 6, 10, 7, 146),
(795, 184, 5, 5, 3, 1, 4, 1, 3),
(796, 185, 9, 8, 5, 2, 10, 2, 63),
(797, 184, 1, 7, 5, 1, 2, 8, 229),
(798, 368, 7, 4, 2, 1, 8, 7, 167),
(799, 334, 2, 7, 8, 6, 9, 1, 35),
(800, 399, 6, 10, 2, 9, 10, 9, 46),
(801, 347, 10, 9, 4, 2, 5, 5, 58),
(802, 459, 8, 5, 7, 2, 3, 4, 204),
(803, 394, 9, 6, 7, 7, 2, 5, 125),
(804, 186, 3, 7, 2, 10, 8, 2, 238),
(805, 477, 7, 2, 1, 3, 2, 2, 77),
(806, 296, 4, 4, 6, 9, 2, 3, 131),
(807, 357, 7, 10, 9, 6, 4, 7, 178),
(808, 482, 6, 7, 5, 1, 9, 8, 88),
(809, 498, 4, 1, 6, 5, 7, 4, 210),
(810, 203, 9, 1, 7, 7, 1, 10, 246),
(811, 142, 6, 5, 4, 1, 9, 6, 140),
(812, 23, 10, 9, 3, 6, 2, 5, 122),
(813, 216, 6, 9, 10, 1, 3, 7, 9),
(814, 117, 7, 10, 7, 7, 4, 3, 130),
(815, 436, 1, 4, 9, 3, 6, 7, 200),
(816, 334, 10, 3, 3, 4, 3, 5, 35),
(817, 89, 1, 1, 10, 2, 9, 10, 172),
(818, 135, 9, 7, 10, 5, 3, 4, 157),
(819, 185, 10, 5, 2, 1, 10, 2, 63),
(820, 499, 7, 3, 8, 7, 5, 9, 78),
(821, 14, 8, 5, 5, 2, 2, 10, 149),
(822, 296, 9, 6, 5, 1, 5, 6, 131),
(823, 249, 1, 7, 3, 9, 10, 4, 54),
(824, 353, 1, 10, 10, 7, 10, 7, 4),
(825, 499, 8, 6, 3, 10, 8, 6, 78),
(826, 280, 3, 6, 5, 9, 9, 10, 86),
(827, 491, 4, 8, 10, 7, 3, 7, 105),
(828, 488, 10, 8, 6, 9, 3, 9, 25),
(829, 492, 9, 8, 3, 7, 4, 4, 237),
(830, 184, 6, 2, 5, 5, 4, 10, 229),
(831, 106, 10, 2, 1, 10, 2, 4, 179),
(832, 357, 7, 9, 8, 10, 5, 3, 178),
(833, 185, 8, 6, 5, 7, 4, 10, 173),
(834, 2, 8, 1, 1, 1, 6, 6, 81),
(835, 196, 5, 5, 5, 9, 7, 7, 99),
(836, 12, 9, 10, 8, 4, 3, 5, 156),
(837, 483, 6, 10, 10, 9, 4, 1, 26),
(838, 106, 7, 5, 7, 5, 6, 2, 179),
(839, 192, 6, 6, 7, 6, 9, 4, 184),
(840, 498, 5, 4, 7, 8, 5, 8, 210),
(841, 419, 1, 5, 1, 2, 9, 2, 124),
(842, 156, 8, 2, 6, 10, 10, 3, 183),
(843, 172, 10, 4, 8, 8, 6, 5, 203),
(844, 57, 5, 5, 4, 8, 5, 10, 209),
(845, 140, 4, 2, 3, 1, 2, 9, 214),
(846, 294, 8, 2, 2, 2, 5, 3, 216),
(847, 155, 10, 10, 3, 1, 4, 7, 8),
(848, 12, 10, 1, 4, 6, 9, 4, 156),
(849, 487, 10, 8, 9, 2, 4, 6, 242),
(850, 52, 1, 6, 1, 10, 5, 10, 21),
(851, 420, 3, 4, 6, 7, 6, 4, 73),
(852, 394, 9, 5, 1, 2, 5, 7, 53),
(853, 388, 10, 8, 7, 8, 6, 3, 155),
(854, 57, 4, 3, 4, 5, 5, 5, 121),
(855, 353, 3, 2, 9, 10, 10, 6, 4),
(856, 219, 4, 7, 1, 8, 8, 1, 202),
(857, 219, 9, 4, 10, 10, 5, 9, 202),
(858, 37, 9, 7, 10, 3, 1, 1, 165),
(859, 459, 10, 5, 8, 7, 4, 1, 206),
(860, 355, 5, 3, 10, 7, 2, 8, 12),
(861, 185, 6, 6, 8, 6, 7, 10, 63),
(862, 198, 1, 8, 10, 3, 9, 4, 110),
(863, 444, 9, 1, 8, 9, 9, 9, 101),
(864, 200, 9, 8, 7, 9, 6, 9, 82),
(865, 383, 5, 10, 8, 9, 7, 9, 148),
(866, 499, 10, 8, 8, 5, 5, 8, 23),
(867, 376, 1, 8, 10, 3, 3, 9, 222),
(868, 383, 6, 10, 7, 10, 3, 4, 148),
(869, 394, 3, 7, 3, 6, 2, 6, 53),
(870, 110, 9, 1, 6, 10, 2, 2, 17),
(871, 488, 6, 10, 6, 6, 6, 4, 25),
(872, 175, 8, 8, 3, 9, 5, 9, 129),
(873, 82, 1, 1, 2, 1, 6, 2, 185),
(874, 406, 6, 2, 6, 10, 10, 10, 221),
(875, 14, 2, 9, 9, 7, 7, 5, 149),
(876, 421, 9, 7, 9, 7, 9, 3, 195),
(877, 393, 10, 3, 6, 5, 2, 9, 31),
(878, 394, 3, 3, 9, 3, 8, 2, 53),
(879, 123, 7, 10, 10, 8, 8, 4, 61),
(880, 356, 4, 4, 6, 9, 10, 7, 76),
(881, 8, 4, 6, 9, 9, 9, 8, 161),
(882, 270, 4, 7, 8, 4, 5, 8, 127),
(883, 211, 6, 1, 6, 4, 5, 4, 250),
(884, 355, 6, 10, 2, 8, 5, 6, 12),
(885, 14, 3, 4, 8, 8, 3, 10, 149),
(886, 394, 10, 4, 8, 8, 9, 9, 125),
(887, 392, 4, 4, 7, 6, 1, 5, 66),
(888, 415, 3, 9, 10, 5, 6, 9, 32),
(889, 12, 6, 5, 3, 6, 5, 9, 156),
(890, 344, 6, 6, 3, 8, 9, 6, 196),
(891, 468, 10, 10, 6, 2, 3, 8, 247),
(892, 35, 7, 2, 10, 9, 7, 6, 219),
(893, 129, 5, 4, 10, 7, 10, 3, 137),
(894, 270, 10, 2, 9, 7, 8, 10, 91),
(895, 45, 4, 7, 10, 6, 1, 8, 96),
(896, 172, 3, 7, 6, 9, 4, 1, 203),
(897, 200, 7, 7, 2, 6, 7, 8, 82),
(898, 477, 8, 5, 3, 3, 4, 7, 177),
(899, 461, 8, 6, 8, 1, 5, 1, 145),
(900, 417, 1, 8, 7, 7, 3, 4, 212),
(901, 12, 6, 10, 1, 5, 7, 1, 71),
(902, 367, 10, 6, 3, 7, 5, 4, 118),
(903, 40, 4, 4, 10, 5, 3, 1, 135),
(904, 356, 3, 7, 9, 8, 1, 3, 76),
(905, 440, 7, 2, 4, 7, 8, 8, 6),
(906, 198, 5, 4, 7, 8, 4, 7, 110),
(907, 459, 1, 1, 9, 9, 3, 3, 204),
(908, 2, 9, 10, 3, 6, 8, 9, 81),
(909, 53, 2, 2, 9, 7, 7, 3, 243),
(910, 38, 3, 3, 1, 3, 9, 10, 201),
(911, 276, 5, 4, 8, 10, 7, 1, 215),
(912, 39, 1, 8, 3, 4, 8, 4, 67),
(913, 82, 10, 7, 6, 3, 5, 6, 185),
(914, 359, 4, 5, 3, 2, 8, 9, 231),
(915, 263, 9, 4, 4, 5, 7, 10, 120),
(916, 170, 1, 4, 4, 2, 6, 1, 143),
(917, 211, 1, 1, 10, 6, 10, 5, 193),
(918, 180, 4, 3, 5, 9, 1, 3, 104),
(919, 488, 7, 3, 6, 5, 7, 4, 25),
(920, 135, 4, 8, 5, 10, 3, 8, 57),
(921, 125, 8, 8, 8, 2, 2, 6, 68),
(922, 379, 3, 9, 6, 3, 9, 6, 160),
(923, 326, 9, 9, 7, 8, 2, 6, 180),
(924, 122, 8, 3, 9, 9, 4, 7, 248),
(925, 195, 8, 6, 9, 8, 3, 9, 239),
(926, 367, 8, 10, 10, 8, 1, 8, 118),
(927, 379, 3, 10, 9, 8, 2, 2, 160),
(928, 23, 1, 1, 3, 2, 6, 5, 122),
(929, 334, 5, 9, 5, 5, 7, 3, 97),
(930, 117, 5, 3, 9, 7, 2, 8, 130),
(931, 11, 10, 1, 2, 9, 3, 1, 20),
(932, 327, 10, 8, 2, 3, 9, 3, 208),
(933, 328, 4, 6, 9, 9, 8, 8, 144),
(934, 219, 2, 8, 6, 6, 1, 5, 202),
(935, 482, 10, 6, 4, 4, 8, 9, 100),
(936, 135, 5, 7, 7, 1, 5, 2, 233),
(937, 156, 8, 7, 6, 9, 7, 10, 183),
(938, 318, 6, 10, 4, 4, 10, 9, 227),
(939, 172, 9, 7, 1, 5, 9, 10, 203),
(940, 459, 5, 9, 2, 1, 8, 7, 204),
(941, 301, 10, 1, 4, 9, 2, 1, 111),
(942, 394, 6, 3, 4, 10, 9, 5, 53),
(943, 321, 8, 7, 3, 3, 5, 3, 62),
(944, 263, 10, 7, 4, 6, 6, 5, 120),
(945, 200, 7, 9, 8, 8, 1, 9, 82),
(946, 394, 3, 9, 2, 1, 8, 8, 125),
(947, 135, 5, 5, 8, 8, 4, 4, 233),
(948, 186, 8, 10, 5, 9, 7, 1, 238),
(949, 440, 5, 9, 5, 6, 8, 4, 6),
(950, 211, 9, 9, 5, 7, 3, 3, 250),
(951, 200, 9, 2, 5, 2, 7, 2, 138),
(952, 490, 3, 10, 7, 3, 5, 6, 249),
(953, 61, 4, 6, 8, 6, 7, 7, 29),
(954, 365, 9, 1, 8, 7, 7, 5, 119),
(955, 419, 7, 8, 6, 1, 2, 6, 124),
(956, 406, 8, 6, 7, 6, 6, 2, 221),
(957, 183, 6, 3, 5, 9, 9, 1, 166),
(958, 39, 9, 1, 1, 10, 1, 9, 67),
(959, 183, 7, 2, 4, 4, 4, 6, 166),
(960, 180, 6, 2, 10, 5, 10, 10, 104),
(961, 10, 1, 3, 6, 7, 3, 3, 75),
(962, 37, 4, 6, 8, 3, 5, 1, 164),
(963, 211, 1, 3, 3, 1, 1, 3, 250),
(964, 382, 3, 9, 10, 4, 5, 4, 49),
(965, 12, 4, 3, 5, 2, 9, 9, 71),
(966, 321, 10, 1, 5, 4, 2, 9, 62),
(967, 9, 5, 3, 8, 7, 1, 3, 153),
(968, 388, 9, 5, 10, 9, 7, 9, 155),
(969, 498, 10, 10, 3, 3, 10, 4, 210),
(970, 210, 7, 1, 9, 3, 6, 3, 241),
(971, 490, 1, 1, 2, 9, 9, 5, 249),
(972, 80, 7, 1, 1, 2, 2, 7, 197),
(973, 89, 6, 3, 1, 9, 3, 8, 172),
(974, 69, 5, 8, 10, 2, 1, 2, 218),
(975, 186, 9, 1, 7, 3, 7, 4, 238),
(976, 459, 7, 4, 8, 9, 2, 8, 204),
(977, 181, 7, 8, 4, 3, 4, 5, 113),
(978, 321, 3, 7, 10, 3, 6, 3, 62),
(979, 416, 9, 4, 5, 6, 10, 5, 95),
(980, 70, 10, 9, 6, 8, 6, 5, 187),
(981, 444, 10, 10, 7, 9, 1, 4, 101),
(982, 194, 9, 1, 1, 1, 7, 8, 40),
(983, 444, 2, 2, 9, 1, 2, 4, 168),
(984, 14, 5, 5, 1, 7, 3, 1, 149),
(985, 480, 7, 8, 3, 7, 4, 2, 123),
(986, 480, 5, 5, 4, 4, 5, 9, 123),
(987, 347, 7, 3, 8, 4, 3, 10, 58),
(988, 146, 10, 5, 3, 2, 9, 7, 24),
(989, 116, 10, 6, 4, 3, 4, 2, 33),
(990, 56, 4, 2, 5, 4, 4, 2, 72),
(991, 483, 9, 9, 4, 1, 7, 10, 26),
(992, 488, 6, 2, 6, 10, 6, 9, 25),
(993, 417, 4, 8, 2, 7, 8, 1, 212),
(994, 413, 5, 4, 7, 4, 4, 7, 10),
(995, 125, 2, 10, 8, 8, 8, 7, 68),
(996, 439, 8, 9, 10, 3, 1, 2, 151),
(997, 254, 5, 10, 8, 9, 5, 7, 13),
(998, 61, 9, 2, 9, 10, 8, 6, 29),
(999, 358, 10, 1, 4, 4, 6, 7, 94),
(1000, 490, 5, 5, 2, 2, 2, 6, 249);

-- --------------------------------------------------------

--
-- Table structure for table `Rounds`
--

CREATE TABLE `Rounds` (
  `RoundID` int(11) NOT NULL,
  `RoundName` varchar(50) NOT NULL,
  `RoundDistance` int(11) NOT NULL,
  `RoundTargetFace` int(11) NOT NULL,
  `RoundEnds` int(11) NOT NULL,
  `RoundMaxScore` int(11) NOT NULL
) ENGINE=InnoDB DEFAULT CHARSET=latin1;

--
-- Dumping data for table `Rounds`
--

INSERT INTO `Rounds` (`RoundID`, `RoundName`, `RoundDistance`, `RoundTargetFace`, `RoundEnds`, `RoundMaxScore`) VALUES
(1, 'WA 90/1440', 90, 122, 6, 360),
(2, 'WA 90/1440', 70, 122, 6, 360),
(3, 'WA 90/1440', 50, 80, 6, 360),
(4, 'WA 90/1440', 30, 80, 6, 360),
(5, 'WA 70/1440', 70, 122, 6, 360),
(6, 'WA 70/1440', 60, 122, 6, 360),
(7, 'WA 70/1440', 50, 80, 6, 360),
(8, 'WA 70/1440', 30, 80, 6, 360),
(9, 'WA 60/1440', 60, 122, 6, 360),
(10, 'WA 60/1440', 50, 122, 6, 360),
(11, 'WA 60/1440', 40, 80, 6, 360),
(12, 'WA 60/1440', 30, 80, 6, 360),
(13, 'AA 50/1440', 55, 122, 6, 360),
(14, 'AA 50/1440', 45, 122, 6, 360),
(15, 'AA 50/1440', 35, 80, 6, 360),
(16, 'AA 50/1440', 25, 80, 6, 360),
(17, 'AA 40/1440', 40, 122, 6, 360),
(18, 'AA 40/1440', 35, 122, 6, 360),
(19, 'AA 40/1440', 30, 80, 6, 360),
(20, 'AA 40/1440', 25, 80, 6, 360);

-- --------------------------------------------------------

--
-- Table structure for table `Scores`
--

CREATE TABLE `Scores` (
  `ScoreID` int(11) NOT NULL,
  `ArcherID` int(11) NOT NULL,
  `ClubRoundID` int(11) NOT NULL,
  `CompID` int(11) DEFAULT NULL,
  `ScoreDateTime` timestamp NOT NULL DEFAULT CURRENT_TIMESTAMP,
  `ScoreIsStaging` tinyint(1) NOT NULL DEFAULT '1',
  `ArcherEquipment` enum('Recurve','Compound','Recurve Barebow','Compound Barebow','Longbow') NOT NULL
) ENGINE=InnoDB DEFAULT CHARSET=latin1;

--
-- Dumping data for table `Scores`
--

INSERT INTO `Scores` (`ScoreID`, `ArcherID`, `ClubRoundID`, `CompID`, `ScoreDateTime`, `ScoreIsStaging`, `ArcherEquipment`) VALUES
(1, 258, 2, NULL, '2024-01-29 01:39:24', 1, 'Longbow'),
(2, 38, 88, 3, '2024-04-03 06:24:50', 1, 'Recurve Barebow'),
(3, 184, 308, NULL, '2024-04-15 04:19:37', 1, 'Recurve'),
(4, 353, 50, 3, '2024-03-18 04:59:24', 1, 'Compound Barebow'),
(5, 432, 70, 1, '2024-03-05 05:26:01', 1, 'Recurve'),
(6, 440, 191, 2, '2024-02-07 23:14:01', 1, 'Longbow'),
(7, 362, 280, 5, '2024-02-01 06:43:12', 1, 'Compound'),
(8, 155, 303, NULL, '2024-04-03 04:31:32', 1, 'Longbow'),
(9, 216, 259, 2, '2024-01-08 04:40:09', 1, 'Recurve'),
(10, 413, 50, NULL, '2024-01-19 06:14:32', 1, 'Recurve'),
(11, 66, 277, 2, '2024-04-04 23:30:55', 1, 'Recurve Barebow'),
(12, 355, 211, NULL, '2024-04-02 01:48:48', 1, 'Compound Barebow'),
(13, 254, 311, NULL, '2024-03-16 23:06:01', 1, 'Recurve'),
(14, 183, 269, 4, '2024-03-05 23:15:56', 1, 'Compound'),
(15, 159, 253, NULL, '2024-03-31 02:38:26', 1, 'Compound Barebow'),
(16, 176, 71, NULL, '2024-01-24 02:02:42', 1, 'Longbow'),
(17, 110, 199, NULL, '2024-02-28 01:07:25', 1, 'Longbow'),
(18, 277, 194, NULL, '2024-02-28 03:33:08', 1, 'Compound'),
(19, 75, 132, NULL, '2024-02-02 03:49:01', 1, 'Longbow'),
(20, 11, 137, NULL, '2024-02-26 00:35:12', 1, 'Recurve'),
(21, 52, 180, NULL, '2024-03-23 23:32:11', 1, 'Recurve Barebow'),
(22, 413, 189, NULL, '2024-04-11 05:37:12', 1, 'Compound Barebow'),
(23, 499, 53, NULL, '2024-02-18 04:11:40', 1, 'Compound Barebow'),
(24, 146, 171, NULL, '2024-01-20 00:44:34', 1, 'Recurve'),
(25, 488, 68, NULL, '2024-02-26 00:10:01', 1, 'Compound Barebow'),
(26, 483, 210, 2, '2024-04-12 06:04:55', 1, 'Recurve Barebow'),
(27, 146, 125, NULL, '2024-04-18 00:13:12', 1, 'Compound Barebow'),
(28, 458, 126, NULL, '2024-01-18 02:51:33', 1, 'Recurve'),
(29, 61, 32, NULL, '2024-03-26 01:23:13', 1, 'Compound'),
(30, 168, 89, 2, '2024-04-13 06:43:27', 1, 'Compound Barebow'),
(31, 393, 265, NULL, '2024-01-03 01:27:35', 1, 'Compound Barebow'),
(32, 415, 269, NULL, '2024-01-29 04:16:32', 1, 'Longbow'),
(33, 116, 94, NULL, '2024-04-30 00:08:14', 1, 'Compound Barebow'),
(34, 112, 19, 2, '2024-03-14 01:52:20', 1, 'Compound Barebow'),
(35, 334, 16, NULL, '2024-04-04 03:09:12', 1, 'Recurve Barebow'),
(36, 110, 139, NULL, '2024-04-25 06:49:21', 1, 'Compound Barebow'),
(37, 240, 47, 5, '2024-01-08 02:22:55', 1, 'Recurve'),
(38, 23, 130, 1, '2024-02-14 00:18:30', 1, 'Compound'),
(39, 46, 79, 5, '2024-02-18 03:13:01', 1, 'Longbow'),
(40, 194, 163, 1, '2024-04-16 00:05:01', 1, 'Compound Barebow'),
(41, 60, 272, NULL, '2024-01-25 05:17:07', 1, 'Recurve'),
(42, 442, 75, NULL, '2024-03-06 01:51:19', 1, 'Longbow'),
(43, 201, 296, NULL, '2024-02-26 02:28:04', 1, 'Compound'),
(44, 102, 285, NULL, '2024-02-19 01:06:42', 1, 'Compound'),
(45, 457, 229, 5, '2024-03-17 02:25:23', 1, 'Recurve'),
(46, 399, 109, NULL, '2024-01-12 02:48:07', 1, 'Recurve Barebow'),
(47, 410, 64, NULL, '2024-03-10 03:06:59', 1, 'Recurve Barebow'),
(48, 22, 58, 5, '2024-03-20 23:21:10', 1, 'Recurve'),
(49, 382, 75, NULL, '2024-03-11 02:13:37', 1, 'Compound Barebow'),
(50, 470, 135, NULL, '2024-02-13 02:01:22', 1, 'Compound Barebow'),
(51, 184, 121, 1, '2024-01-04 05:11:07', 1, 'Recurve Barebow'),
(52, 222, 294, NULL, '2024-03-23 03:01:38', 1, 'Compound'),
(53, 394, 305, NULL, '2024-03-03 02:45:51', 1, 'Longbow'),
(54, 249, 213, NULL, '2024-04-01 00:55:22', 1, 'Compound Barebow'),
(55, 16, 281, NULL, '2024-02-03 00:19:45', 1, 'Recurve'),
(56, 455, 117, 2, '2024-02-12 02:25:32', 1, 'Longbow'),
(57, 135, 167, 4, '2024-04-08 05:31:26', 1, 'Compound Barebow'),
(58, 347, 2, 3, '2024-04-05 06:19:21', 1, 'Compound'),
(59, 454, 226, NULL, '2024-01-21 05:17:30', 1, 'Recurve'),
(60, 29, 18, 5, '2024-04-27 03:51:28', 1, 'Compound Barebow'),
(61, 123, 280, 1, '2024-03-18 05:53:06', 1, 'Recurve'),
(62, 321, 226, 2, '2024-01-11 01:45:55', 1, 'Recurve'),
(63, 185, 2, 1, '2024-02-25 01:36:29', 1, 'Compound Barebow'),
(64, 279, 198, 1, '2024-03-25 04:07:39', 1, 'Compound'),
(65, 380, 33, NULL, '2024-03-09 23:41:38', 1, 'Longbow'),
(66, 392, 318, NULL, '2024-01-08 06:57:28', 1, 'Longbow'),
(67, 39, 55, NULL, '2024-02-27 02:32:10', 1, 'Compound'),
(68, 125, 200, NULL, '2024-03-02 05:03:11', 1, 'Recurve Barebow'),
(69, 447, 6, NULL, '2024-03-03 03:18:29', 1, 'Recurve Barebow'),
(70, 420, 69, NULL, '2024-01-15 03:14:55', 1, 'Compound Barebow'),
(71, 12, 44, NULL, '2024-03-11 05:28:17', 1, 'Compound'),
(72, 56, 233, NULL, '2024-02-27 02:22:16', 1, 'Recurve'),
(73, 420, 146, NULL, '2024-02-18 02:37:59', 1, 'Compound'),
(74, 486, 258, 2, '2024-02-26 05:08:52', 1, 'Recurve Barebow'),
(75, 10, 261, 4, '2024-02-16 05:06:03', 1, 'Recurve'),
(76, 356, 158, NULL, '2024-03-07 05:25:48', 1, 'Recurve'),
(77, 477, 79, NULL, '2024-03-12 01:14:50', 1, 'Longbow'),
(78, 499, 137, 1, '2024-04-07 04:37:05', 1, 'Compound'),
(79, 64, 131, NULL, '2024-04-23 00:56:31', 1, 'Longbow'),
(80, 228, 285, NULL, '2024-04-25 07:34:42', 1, 'Recurve Barebow'),
(81, 2, 135, NULL, '2024-01-23 06:23:43', 1, 'Compound'),
(82, 200, 7, NULL, '2024-04-02 02:55:38', 1, 'Compound'),
(83, 354, 296, NULL, '2024-02-02 01:36:11', 1, 'Compound'),
(84, 174, 43, 5, '2024-02-08 05:11:03', 1, 'Compound Barebow'),
(85, 163, 84, NULL, '2024-04-08 00:08:43', 1, 'Compound'),
(86, 280, 154, NULL, '2024-04-06 01:39:43', 1, 'Compound'),
(87, 137, 178, 5, '2024-04-16 02:28:36', 1, 'Recurve Barebow'),
(88, 482, 94, NULL, '2024-01-23 04:06:22', 1, 'Recurve'),
(89, 448, 264, 3, '2024-02-20 01:30:56', 1, 'Compound Barebow'),
(90, 264, 82, 4, '2024-03-13 02:44:43', 1, 'Recurve'),
(91, 270, 213, NULL, '2024-04-02 02:45:41', 1, 'Longbow'),
(92, 141, 41, NULL, '2024-03-03 04:59:33', 1, 'Compound Barebow'),
(93, 53, 165, NULL, '2024-01-29 02:50:37', 1, 'Compound'),
(94, 358, 187, 1, '2024-03-05 05:25:50', 1, 'Compound Barebow'),
(95, 416, 70, 1, '2024-01-27 04:36:28', 1, 'Recurve Barebow'),
(96, 45, 31, NULL, '2024-02-02 05:31:28', 1, 'Recurve Barebow'),
(97, 334, 15, 3, '2024-03-11 05:25:47', 1, 'Longbow'),
(98, 273, 244, NULL, '2024-01-11 05:06:17', 1, 'Compound'),
(99, 196, 1, NULL, '2024-03-11 06:46:09', 1, 'Compound Barebow'),
(100, 482, 146, NULL, '2024-02-02 06:55:37', 1, 'Longbow'),
(101, 444, 41, NULL, '2024-02-29 06:49:15', 1, 'Compound'),
(102, 62, 208, NULL, '2024-02-10 03:16:46', 1, 'Compound Barebow'),
(103, 457, 65, 4, '2024-04-29 03:58:50', 1, 'Compound'),
(104, 180, 221, 5, '2024-02-21 06:07:39', 1, 'Recurve Barebow'),
(105, 491, 272, NULL, '2024-01-10 06:11:22', 1, 'Longbow'),
(106, 199, 193, NULL, '2024-01-07 06:40:19', 1, 'Longbow'),
(107, 103, 291, NULL, '2024-03-25 03:04:42', 1, 'Compound Barebow'),
(108, 162, 293, NULL, '2024-04-30 00:44:11', 1, 'Longbow'),
(109, 335, 97, NULL, '2024-02-13 02:19:09', 1, 'Recurve Barebow'),
(110, 198, 39, NULL, '2024-03-05 03:22:56', 1, 'Recurve Barebow'),
(111, 301, 166, 2, '2024-04-11 05:06:31', 1, 'Recurve'),
(112, 438, 75, 4, '2024-04-15 00:18:22', 1, 'Recurve'),
(113, 181, 295, NULL, '2024-02-03 23:18:11', 1, 'Compound'),
(114, 44, 84, NULL, '2024-03-14 05:37:05', 1, 'Recurve Barebow'),
(115, 24, 201, NULL, '2024-02-12 02:26:28', 1, 'Recurve Barebow'),
(116, 202, 100, 5, '2024-01-26 00:15:37', 1, 'Compound'),
(117, 337, 47, NULL, '2024-03-11 02:10:10', 1, 'Compound'),
(118, 367, 204, NULL, '2024-04-18 04:09:25', 1, 'Compound'),
(119, 365, 291, 4, '2024-04-29 04:33:38', 1, 'Compound'),
(120, 263, 16, NULL, '2024-03-19 05:12:02', 1, 'Compound Barebow'),
(121, 57, 300, 4, '2024-04-30 07:28:23', 1, 'Recurve'),
(122, 23, 10, NULL, '2024-04-04 23:12:18', 1, 'Recurve'),
(123, 480, 260, 1, '2024-01-13 05:51:01', 1, 'Longbow'),
(124, 419, 181, NULL, '2024-03-24 04:45:50', 1, 'Recurve'),
(125, 394, 142, NULL, '2024-01-01 04:48:56', 1, 'Recurve Barebow'),
(126, 323, 133, NULL, '2024-04-04 00:05:36', 1, 'Longbow'),
(127, 270, 165, 2, '2024-02-25 01:36:35', 1, 'Recurve Barebow'),
(128, 352, 228, NULL, '2024-01-09 00:43:30', 1, 'Longbow'),
(129, 175, 86, NULL, '2024-03-04 06:30:49', 1, 'Recurve'),
(130, 117, 18, 5, '2024-01-04 02:33:42', 1, 'Recurve Barebow'),
(131, 296, 43, NULL, '2024-04-08 07:31:28', 1, 'Compound Barebow'),
(132, 158, 47, NULL, '2024-04-01 06:53:31', 1, 'Recurve'),
(133, 22, 266, NULL, '2024-01-23 05:42:28', 1, 'Recurve'),
(134, 496, 237, NULL, '2024-03-08 00:28:07', 1, 'Compound Barebow'),
(135, 40, 267, 1, '2024-03-14 00:47:24', 1, 'Recurve Barebow'),
(136, 126, 226, NULL, '2024-04-04 03:16:27', 1, 'Recurve Barebow'),
(137, 129, 195, NULL, '2024-01-20 04:02:47', 1, 'Recurve'),
(138, 200, 233, NULL, '2024-04-22 07:06:55', 1, 'Recurve Barebow'),
(139, 59, 122, 4, '2024-01-04 23:45:20', 1, 'Compound Barebow'),
(140, 142, 142, 1, '2024-03-09 23:48:35', 1, 'Recurve'),
(141, 320, 159, NULL, '2024-03-26 02:42:37', 1, 'Compound Barebow'),
(142, 433, 193, NULL, '2024-04-24 05:26:36', 1, 'Compound Barebow'),
(143, 170, 294, NULL, '2024-01-26 04:26:30', 1, 'Longbow'),
(144, 328, 151, 1, '2024-01-16 01:58:28', 1, 'Recurve Barebow'),
(145, 461, 123, NULL, '2024-03-10 05:17:40', 1, 'Longbow'),
(146, 47, 164, NULL, '2024-04-27 02:45:11', 1, 'Recurve'),
(147, 263, 105, NULL, '2024-04-24 04:18:02', 1, 'Compound'),
(148, 383, 23, NULL, '2024-03-26 06:24:43', 1, 'Recurve Barebow'),
(149, 14, 191, NULL, '2024-02-02 03:03:50', 1, 'Longbow'),
(150, 39, 134, 4, '2024-01-29 05:43:56', 1, 'Recurve'),
(151, 439, 18, 1, '2024-04-28 07:27:51', 1, 'Recurve'),
(152, 79, 111, NULL, '2024-02-09 00:14:05', 1, 'Longbow'),
(153, 9, 301, NULL, '2024-03-11 00:50:03', 1, 'Recurve'),
(154, 402, 276, NULL, '2024-02-03 01:25:54', 1, 'Compound'),
(155, 388, 186, NULL, '2024-02-26 06:59:06', 1, 'Recurve'),
(156, 12, 108, NULL, '2024-02-04 02:12:06', 1, 'Recurve Barebow'),
(157, 135, 53, NULL, '2024-01-18 02:46:33', 1, 'Recurve'),
(158, 192, 73, NULL, '2024-03-23 04:00:08', 1, 'Longbow'),
(159, 193, 111, 2, '2024-04-14 01:59:43', 1, 'Longbow'),
(160, 379, 46, NULL, '2024-01-28 00:57:23', 1, 'Compound Barebow'),
(161, 8, 214, NULL, '2024-01-23 02:01:29', 1, 'Compound'),
(162, 43, 94, 4, '2024-03-05 03:06:29', 1, 'Recurve Barebow'),
(163, 241, 194, NULL, '2024-01-16 23:19:27', 1, 'Compound'),
(164, 37, 165, NULL, '2024-02-07 06:37:48', 1, 'Longbow'),
(165, 37, 186, 1, '2024-02-17 01:01:42', 1, 'Longbow'),
(166, 183, 73, NULL, '2024-01-06 00:37:30', 1, 'Recurve'),
(167, 368, 273, NULL, '2024-03-06 01:53:53', 1, 'Longbow'),
(168, 444, 257, NULL, '2024-02-10 00:58:18', 1, 'Longbow'),
(169, 61, 116, 1, '2024-02-12 04:38:22', 1, 'Recurve Barebow'),
(170, 68, 120, NULL, '2024-01-05 06:28:50', 1, 'Compound Barebow'),
(171, 402, 171, 2, '2024-01-15 02:12:09', 1, 'Recurve Barebow'),
(172, 89, 127, NULL, '2024-04-03 00:08:54', 1, 'Compound'),
(173, 185, 248, NULL, '2024-03-16 23:04:57', 1, 'Recurve Barebow'),
(174, 484, 36, NULL, '2024-03-22 23:49:37', 1, 'Compound Barebow'),
(175, 413, 318, 3, '2024-04-09 05:00:09', 1, 'Longbow'),
(176, 157, 166, 1, '2024-03-26 02:30:35', 1, 'Longbow'),
(177, 477, 170, NULL, '2024-03-21 02:08:02', 1, 'Compound'),
(178, 357, 282, NULL, '2024-03-25 02:08:44', 1, 'Recurve'),
(179, 106, 72, 2, '2024-02-11 04:06:23', 1, 'Compound Barebow'),
(180, 326, 200, NULL, '2024-04-25 04:18:27', 1, 'Recurve Barebow'),
(181, 438, 165, NULL, '2024-01-13 02:17:30', 1, 'Compound Barebow'),
(182, 263, 296, 3, '2024-01-07 01:37:55', 1, 'Recurve'),
(183, 156, 301, 4, '2024-02-08 23:40:46', 1, 'Longbow'),
(184, 192, 70, NULL, '2024-04-23 06:47:37', 1, 'Recurve'),
(185, 82, 60, NULL, '2024-03-03 04:58:45', 1, 'Recurve Barebow'),
(186, 64, 286, NULL, '2024-04-19 04:57:57', 1, 'Compound'),
(187, 70, 163, NULL, '2024-04-12 02:51:36', 1, 'Recurve'),
(188, 125, 30, 1, '2024-03-28 06:40:14', 1, 'Compound Barebow'),
(189, 463, 51, NULL, '2024-01-15 04:57:37', 1, 'Compound Barebow'),
(190, 217, 109, 2, '2024-03-11 00:32:58', 1, 'Recurve Barebow'),
(191, 201, 303, NULL, '2024-01-19 06:40:34', 1, 'Recurve'),
(192, 143, 7, 4, '2024-03-18 04:19:42', 1, 'Recurve'),
(193, 211, 277, 4, '2024-02-28 23:10:07', 1, 'Recurve Barebow'),
(194, 335, 76, 3, '2024-03-29 01:35:13', 1, 'Recurve'),
(195, 421, 29, NULL, '2024-02-08 23:49:27', 1, 'Recurve Barebow'),
(196, 344, 123, NULL, '2024-03-16 23:36:25', 1, 'Longbow'),
(197, 80, 58, NULL, '2024-04-26 02:05:36', 1, 'Recurve Barebow'),
(198, 261, 3, 3, '2024-03-02 00:41:49', 1, 'Longbow'),
(199, 391, 87, NULL, '2024-02-23 04:56:31', 1, 'Recurve'),
(200, 436, 249, NULL, '2024-01-11 06:26:31', 1, 'Longbow'),
(201, 38, 190, NULL, '2024-04-14 00:00:53', 1, 'Compound'),
(202, 219, 259, NULL, '2024-01-27 06:47:57', 1, 'Compound Barebow'),
(203, 172, 34, 5, '2024-03-06 01:44:09', 1, 'Longbow'),
(204, 459, 223, NULL, '2024-02-27 03:07:41', 1, 'Compound Barebow'),
(205, 335, 273, 2, '2024-01-19 02:57:41', 1, 'Recurve Barebow'),
(206, 459, 92, NULL, '2024-03-01 02:12:05', 1, 'Compound Barebow'),
(207, 101, 98, NULL, '2024-02-26 23:23:24', 1, 'Longbow'),
(208, 327, 44, NULL, '2024-01-07 03:40:15', 1, 'Compound'),
(209, 57, 252, 3, '2024-02-04 02:00:51', 1, 'Compound'),
(210, 498, 137, NULL, '2024-04-11 05:20:21', 1, 'Recurve'),
(211, 396, 20, NULL, '2024-03-01 01:20:58', 1, 'Compound'),
(212, 417, 210, 1, '2024-01-19 01:39:00', 1, 'Longbow'),
(213, 144, 107, 3, '2024-04-24 02:48:07', 1, 'Compound'),
(214, 140, 315, 1, '2024-02-19 06:19:28', 1, 'Recurve'),
(215, 276, 109, 3, '2024-03-17 06:00:23', 1, 'Compound Barebow'),
(216, 294, 231, NULL, '2024-01-31 06:14:02', 1, 'Recurve'),
(217, 459, 97, NULL, '2024-03-02 06:31:30', 1, 'Recurve Barebow'),
(218, 69, 301, 1, '2024-01-15 01:37:45', 1, 'Compound Barebow'),
(219, 35, 208, 3, '2024-04-09 02:09:23', 1, 'Longbow'),
(220, 360, 156, NULL, '2024-04-17 02:59:39', 1, 'Compound Barebow'),
(221, 406, 108, 4, '2024-03-29 03:25:58', 1, 'Longbow'),
(222, 376, 170, 3, '2024-03-18 01:56:10', 1, 'Recurve'),
(223, 244, 18, NULL, '2024-01-28 06:49:20', 1, 'Compound Barebow'),
(224, 275, 18, NULL, '2024-01-21 02:53:08', 1, 'Compound'),
(225, 479, 129, 2, '2024-02-19 05:22:14', 1, 'Longbow'),
(226, 281, 284, NULL, '2024-02-02 03:34:26', 1, 'Recurve'),
(227, 318, 183, 1, '2024-02-12 04:58:54', 1, 'Compound Barebow'),
(228, 17, 287, 4, '2024-04-10 02:10:16', 1, 'Recurve Barebow'),
(229, 184, 204, NULL, '2024-04-03 23:00:13', 1, 'Compound Barebow'),
(230, 2, 223, NULL, '2024-01-11 02:57:00', 1, 'Recurve'),
(231, 359, 240, 1, '2024-03-16 03:43:54', 1, 'Recurve Barebow'),
(232, 284, 17, NULL, '2024-01-23 23:27:25', 1, 'Longbow'),
(233, 135, 175, NULL, '2024-04-24 04:13:07', 1, 'Longbow'),
(234, 363, 18, NULL, '2024-01-25 06:38:16', 1, 'Compound Barebow'),
(235, 162, 67, 3, '2024-04-06 04:54:32', 1, 'Compound Barebow'),
(236, 151, 162, 3, '2024-03-04 23:27:40', 1, 'Compound'),
(237, 492, 149, NULL, '2024-01-03 06:46:41', 1, 'Compound Barebow'),
(238, 186, 145, NULL, '2024-01-20 23:17:06', 1, 'Longbow'),
(239, 195, 65, 1, '2024-04-09 00:50:34', 1, 'Longbow'),
(240, 197, 164, 1, '2024-03-14 03:53:38', 1, 'Compound Barebow'),
(241, 210, 259, NULL, '2024-03-20 23:41:16', 1, 'Longbow'),
(242, 487, 33, 1, '2024-01-15 04:03:36', 1, 'Compound'),
(243, 53, 258, 4, '2024-04-19 07:23:49', 1, 'Compound'),
(244, 322, 48, NULL, '2024-01-30 01:36:06', 1, 'Longbow'),
(245, 136, 206, NULL, '2024-02-01 00:26:33', 1, 'Compound Barebow'),
(246, 203, 230, NULL, '2024-03-22 04:14:09', 1, 'Compound'),
(247, 468, 104, NULL, '2024-03-09 04:38:26', 1, 'Compound Barebow'),
(248, 122, 57, NULL, '2024-03-21 02:44:27', 1, 'Longbow'),
(249, 490, 279, NULL, '2024-02-01 05:33:04', 1, 'Recurve Barebow'),
(250, 211, 303, NULL, '2024-03-12 03:50:53', 1, 'Compound Barebow');

--
-- Indexes for dumped tables
--

--
-- Indexes for table `Archers`
--
ALTER TABLE `Archers`
  ADD PRIMARY KEY (`ArcherID`);

--
-- Indexes for table `Championships`
--
ALTER TABLE `Championships`
  ADD PRIMARY KEY (`ChampID`);

--
-- Indexes for table `ClubRounds`
--
ALTER TABLE `ClubRounds`
  ADD PRIMARY KEY (`ClubRoundID`),
  ADD KEY `RoundID` (`RoundID`);

--
-- Indexes for table `Competitions`
--
ALTER TABLE `Competitions`
  ADD PRIMARY KEY (`CompID`),
  ADD KEY `ChampID` (`ChampID`);

--
-- Indexes for table `Ends`
--
ALTER TABLE `Ends`
  ADD PRIMARY KEY (`EndID`),
  ADD KEY `ArcherID` (`ArcherID`),
  ADD KEY `ScoreID` (`ScoreID`);

--
-- Indexes for table `Rounds`
--
ALTER TABLE `Rounds`
  ADD PRIMARY KEY (`RoundID`);

--
-- Indexes for table `Scores`
--
ALTER TABLE `Scores`
  ADD PRIMARY KEY (`ScoreID`),
  ADD KEY `ArcherID` (`ArcherID`),
  ADD KEY `ClubRoundID` (`ClubRoundID`),
  ADD KEY `CompID` (`CompID`);

--
-- AUTO_INCREMENT for dumped tables
--

--
-- AUTO_INCREMENT for table `Archers`
--
ALTER TABLE `Archers`
  MODIFY `ArcherID` int(11) NOT NULL AUTO_INCREMENT, AUTO_INCREMENT=501;

--
-- AUTO_INCREMENT for table `Championships`
--
ALTER TABLE `Championships`
  MODIFY `ChampID` int(11) NOT NULL AUTO_INCREMENT, AUTO_INCREMENT=6;

--
-- AUTO_INCREMENT for table `ClubRounds`
--
ALTER TABLE `ClubRounds`
  MODIFY `ClubRoundID` int(11) NOT NULL AUTO_INCREMENT, AUTO_INCREMENT=321;

--
-- AUTO_INCREMENT for table `Competitions`
--
ALTER TABLE `Competitions`
  MODIFY `CompID` int(11) NOT NULL AUTO_INCREMENT, AUTO_INCREMENT=7;

--
-- AUTO_INCREMENT for table `Ends`
--
ALTER TABLE `Ends`
  MODIFY `EndID` int(11) NOT NULL AUTO_INCREMENT, AUTO_INCREMENT=1001;

--
-- AUTO_INCREMENT for table `Rounds`
--
ALTER TABLE `Rounds`
  MODIFY `RoundID` int(11) NOT NULL AUTO_INCREMENT, AUTO_INCREMENT=21;

--
-- AUTO_INCREMENT for table `Scores`
--
ALTER TABLE `Scores`
  MODIFY `ScoreID` int(11) NOT NULL AUTO_INCREMENT, AUTO_INCREMENT=251;

--
-- Constraints for dumped tables
--

--
-- Constraints for table `ClubRounds`
--
ALTER TABLE `ClubRounds`
  ADD CONSTRAINT `ClubRounds_ibfk_1` FOREIGN KEY (`RoundID`) REFERENCES `Rounds` (`RoundID`);

--
-- Constraints for table `Competitions`
--
ALTER TABLE `Competitions`
  ADD CONSTRAINT `Competitions_ibfk_1` FOREIGN KEY (`ChampID`) REFERENCES `Championships` (`ChampID`);

--
-- Constraints for table `Ends`
--
ALTER TABLE `Ends`
  ADD CONSTRAINT `Ends_ibfk_1` FOREIGN KEY (`ArcherID`) REFERENCES `Archers` (`ArcherID`),
  ADD CONSTRAINT `Ends_ibfk_2` FOREIGN KEY (`ScoreID`) REFERENCES `Scores` (`ScoreID`);

--
-- Constraints for table `Scores`
--
ALTER TABLE `Scores`
  ADD CONSTRAINT `Scores_ibfk_1` FOREIGN KEY (`ArcherID`) REFERENCES `Archers` (`ArcherID`),
  ADD CONSTRAINT `Scores_ibfk_2` FOREIGN KEY (`ClubRoundID`) REFERENCES `ClubRounds` (`ClubRoundID`),
  ADD CONSTRAINT `Scores_ibfk_3` FOREIGN KEY (`CompID`) REFERENCES `Competitions` (`CompID`);
COMMIT;

/*!40101 SET CHARACTER_SET_CLIENT=@OLD_CHARACTER_SET_CLIENT */;
/*!40101 SET CHARACTER_SET_RESULTS=@OLD_CHARACTER_SET_RESULTS */;
/*!40101 SET COLLATION_CONNECTION=@OLD_COLLATION_CONNECTION */;
